id,user_id,location_id,task_name,task_description,priority,task_type,mil_or_civ,due_date,status,task_url,has_upload,has_download
1,7,4,New Employee Orientation,"Lorem ipsum dolor sit amet, consectetur adipiscing elit, sed do eiusmod tempor incididunt ut labore et dolore magna aliqua. Ut aliquam purus sit amet luctus venenatis lectus magna fringilla. Iaculis nunc sed augue lacus viverra vitae congue eu consequat. ",low,installation,both,2023-07-18T05:53:36.141-06:00,complete,https://alarmed-vixen.biz,false,false
2,21,1,Register For Benefits,"Lorem ipsum dolor sit amet, consectetur adipiscing elit, sed do eiusmod tempor incididunt ut labore et dolore magna aliqua. Ut aliquam purus sit amet luctus venenatis lectus magna fringilla. Iaculis nunc sed augue lacus viverra vitae congue eu consequat. ",medium,installation,civilian,2023-11-27T07:39:52.482-07:00,pending,https://peppery-tract.biz,false,false
6,9,1,Register For Benefits,"Lorem ipsum dolor sit amet, consectetur adipiscing elit, sed do eiusmod tempor incididunt ut labore et dolore magna aliqua. Ut aliquam purus sit amet luctus venenatis lectus magna fringilla. Iaculis nunc sed augue lacus viverra vitae congue eu consequat. ",medium,installation,both,2024-01-30T10:31:32.646-07:00,complete,http://liquid-counterpart.com,false,false
7,24,5,Housing Office,"Lorem ipsum dolor sit amet, consectetur adipiscing elit, sed do eiusmod tempor incididunt ut labore et dolore magna aliqua. Ut aliquam purus sit amet luctus venenatis lectus magna fringilla. Iaculis nunc sed augue lacus viverra vitae congue eu consequat. ",medium,installation,civilian,2024-03-28T22:38:12.260-06:00,complete,https://distant-randomisation.name,true,true
10,27,2,Housing Office,"Lorem ipsum dolor sit amet, consectetur adipiscing elit, sed do eiusmod tempor incididunt ut labore et dolore magna aliqua. Ut aliquam purus sit amet luctus venenatis lectus magna fringilla. Iaculis nunc sed augue lacus viverra vitae congue eu consequat. ",low,installation,both,2024-01-16T05:46:43.858-07:00,complete,http://crazy-down.org,true,false
11,18,2,Register For Benefits,"Lorem ipsum dolor sit amet, consectetur adipiscing elit, sed do eiusmod tempor incididunt ut labore et dolore magna aliqua. Ut aliquam purus sit amet luctus venenatis lectus magna fringilla. Iaculis nunc sed augue lacus viverra vitae congue eu consequat. ",high,installation,military,2023-10-16T19:20:38.364-06:00,pending,https://extroverted-construction.org,false,true
12,26,5,Obtain CAC,"Lorem ipsum dolor sit amet, consectetur adipiscing elit, sed do eiusmod tempor incididunt ut labore et dolore magna aliqua. Ut aliquam purus sit amet luctus venenatis lectus magna fringilla. Iaculis nunc sed augue lacus viverra vitae congue eu consequat. ",high,installation,both,2024-02-11T17:20:09.368-07:00,pending,http://shy-sentiment.org,false,true
13,4,3,Obtain CAC,"Lorem ipsum dolor sit amet, consectetur adipiscing elit, sed do eiusmod tempor incididunt ut labore et dolore magna aliqua. Ut aliquam purus sit amet luctus venenatis lectus magna fringilla. Iaculis nunc sed augue lacus viverra vitae congue eu consequat. ",medium,installation,military,2024-03-07T06:59:36.476-07:00,complete,http://next-psychiatrist.org,true,true
14,16,6,Obtain CAC,"Lorem ipsum dolor sit amet, consectetur adipiscing elit, sed do eiusmod tempor incididunt ut labore et dolore magna aliqua. Ut aliquam purus sit amet luctus venenatis lectus magna fringilla. Iaculis nunc sed augue lacus viverra vitae congue eu consequat. ",high,installation,both,2024-01-06T15:21:01.011-07:00,complete,https://ready-vol.net,false,true
15,22,2,Housing Office,"Lorem ipsum dolor sit amet, consectetur adipiscing elit, sed do eiusmod tempor incididunt ut labore et dolore magna aliqua. Ut aliquam purus sit amet luctus venenatis lectus magna fringilla. Iaculis nunc sed augue lacus viverra vitae congue eu consequat. ",high,installation,both,2023-08-27T17:30:41.343-06:00,incomplete,https://disloyal-dory.com,false,true
16,14,2,Obtain CAC,"Lorem ipsum dolor sit amet, consectetur adipiscing elit, sed do eiusmod tempor incididunt ut labore et dolore magna aliqua. Ut aliquam purus sit amet luctus venenatis lectus magna fringilla. Iaculis nunc sed augue lacus viverra vitae congue eu consequat. ",high,installation,military,2024-03-06T18:57:01.850-07:00,pending,http://yummy-seafood.biz,false,true
17,5,1,New Employee Orientation,"Lorem ipsum dolor sit amet, consectetur adipiscing elit, sed do eiusmod tempor incididunt ut labore et dolore magna aliqua. Ut aliquam purus sit amet luctus venenatis lectus magna fringilla. Iaculis nunc sed augue lacus viverra vitae congue eu consequat. ",low,installation,both,2024-02-24T02:50:32.629-07:00,pending,https://political-consistency.org,true,false
18,8,1,Housing Office,"Lorem ipsum dolor sit amet, consectetur adipiscing elit, sed do eiusmod tempor incididunt ut labore et dolore magna aliqua. Ut aliquam purus sit amet luctus venenatis lectus magna fringilla. Iaculis nunc sed augue lacus viverra vitae congue eu consequat. ",medium,installation,civilian,2023-12-21T06:54:24.841-07:00,pending,https://frosty-rosemary.name,true,true
19,6,4,Register Personal Weapons,"Lorem ipsum dolor sit amet, consectetur adipiscing elit, sed do eiusmod tempor incididunt ut labore et dolore magna aliqua. Ut aliquam purus sit amet luctus venenatis lectus magna fringilla. Iaculis nunc sed augue lacus viverra vitae congue eu consequat. ",medium,installation,military,2023-07-13T16:07:32.983-06:00,pending,http://thirsty-segment.com,true,false
3,1,2,Register Personal Weapons,"Lorem ipsum dolor sit amet, consectetur adipiscing elit, sed do eiusmod tempor incididunt ut labore et dolore magna aliqua. Ut aliquam purus sit amet luctus venenatis lectus magna fringilla. Iaculis nunc sed augue lacus viverra vitae congue eu consequat. ",medium,installation,military,2024-01-05T16:54:48.332-07:00,complete,https://buoyant-education.com,false,false
9,10,1,Register Personal Weapons,"Lorem ipsum dolor sit amet, consectetur adipiscing elit, sed do eiusmod tempor incididunt ut labore et dolore magna aliqua. Ut aliquam purus sit amet luctus venenatis lectus magna fringilla. Iaculis nunc sed augue lacus viverra vitae congue eu consequat. ",low,installation,military,2024-01-01T05:13:45.136-07:00,complete,https://forceful-velvet.net,false,false
8,24,1,Turn In Medical Records,"Lorem ipsum dolor sit amet, consectetur adipiscing elit, sed do eiusmod tempor incididunt ut labore et dolore magna aliqua. Ut aliquam purus sit amet luctus venenatis lectus magna fringilla. Iaculis nunc sed augue lacus viverra vitae congue eu consequat. ",medium,installation,both,2024-04-18T14:38:03.357-06:00,pending,http://uneven-doorknob.biz,false,false
4,7,5,Obtain CAC,"Lorem ipsum dolor sit amet, consectetur adipiscing elit, sed do eiusmod tempor incididunt ut labore et dolore magna aliqua. Ut aliquam purus sit amet luctus venenatis lectus magna fringilla. Iaculis nunc sed augue lacus viverra vitae congue eu consequat. ",high,installation,both,2023-09-19T02:11:50.450-06:00,pending,https://inconsequential-cob.org,false,false
20,6,6,Register Personal Weapons,"Lorem ipsum dolor sit amet, consectetur adipiscing elit, sed do eiusmod tempor incididunt ut labore et dolore magna aliqua. Ut aliquam purus sit amet luctus venenatis lectus magna fringilla. Iaculis nunc sed augue lacus viverra vitae congue eu consequat. ",low,installation,military,2023-05-27T17:23:39.576-06:00,pending,http://limited-shallot.biz,false,true
21,14,3,Obtain CAC,"Lorem ipsum dolor sit amet, consectetur adipiscing elit, sed do eiusmod tempor incididunt ut labore et dolore magna aliqua. Ut aliquam purus sit amet luctus venenatis lectus magna fringilla. Iaculis nunc sed augue lacus viverra vitae congue eu consequat. ",high,installation,civilian,2023-06-06T23:06:20.818-06:00,pending,https://overdue-mortality.com,false,true
22,4,1,Register Personal Weapons,"Lorem ipsum dolor sit amet, consectetur adipiscing elit, sed do eiusmod tempor incididunt ut labore et dolore magna aliqua. Ut aliquam purus sit amet luctus venenatis lectus magna fringilla. Iaculis nunc sed augue lacus viverra vitae congue eu consequat. ",low,installation,military,2023-06-08T06:49:42.094-06:00,pending,https://late-socialism.info,true,true
23,3,6,Turn In Medical Records,"Lorem ipsum dolor sit amet, consectetur adipiscing elit, sed do eiusmod tempor incididunt ut labore et dolore magna aliqua. Ut aliquam purus sit amet luctus venenatis lectus magna fringilla. Iaculis nunc sed augue lacus viverra vitae congue eu consequat. ",high,installation,civilian,2023-08-19T03:52:42.684-06:00,pending,https://stingy-comradeship.net,true,false
24,6,1,Register For Benefits,"Lorem ipsum dolor sit amet, consectetur adipiscing elit, sed do eiusmod tempor incididunt ut labore et dolore magna aliqua. Ut aliquam purus sit amet luctus venenatis lectus magna fringilla. Iaculis nunc sed augue lacus viverra vitae congue eu consequat. ",medium,installation,civilian,2023-10-17T16:05:14.733-06:00,incomplete,https://shabby-fiddle.net,false,false
25,5,6,New Employee Orientation,"Lorem ipsum dolor sit amet, consectetur adipiscing elit, sed do eiusmod tempor incididunt ut labore et dolore magna aliqua. Ut aliquam purus sit amet luctus venenatis lectus magna fringilla. Iaculis nunc sed augue lacus viverra vitae congue eu consequat. ",low,installation,civilian,2023-10-01T21:40:04.749-06:00,complete,http://busy-antler.org,false,true
26,3,4,Education Center,"Lorem ipsum dolor sit amet, consectetur adipiscing elit, sed do eiusmod tempor incididunt ut labore et dolore magna aliqua. Ut aliquam purus sit amet luctus venenatis lectus magna fringilla. Iaculis nunc sed augue lacus viverra vitae congue eu consequat. ",high,installation,civilian,2023-11-01T22:55:52.400-06:00,pending,https://entire-cicada.net,false,false
28,24,5,Turn In Medical Records,"Lorem ipsum dolor sit amet, consectetur adipiscing elit, sed do eiusmod tempor incididunt ut labore et dolore magna aliqua. Ut aliquam purus sit amet luctus venenatis lectus magna fringilla. Iaculis nunc sed augue lacus viverra vitae congue eu consequat. ",low,installation,civilian,2023-04-30T09:38:43.946-06:00,pending,http://modern-weakness.biz,false,false
29,10,6,New Employee Orientation,"Lorem ipsum dolor sit amet, consectetur adipiscing elit, sed do eiusmod tempor incididunt ut labore et dolore magna aliqua. Ut aliquam purus sit amet luctus venenatis lectus magna fringilla. Iaculis nunc sed augue lacus viverra vitae congue eu consequat. ",low,installation,both,2023-12-11T00:47:11.802-07:00,incomplete,http://far-flung-statute.org,true,true
30,16,1,New Employee Orientation,"Lorem ipsum dolor sit amet, consectetur adipiscing elit, sed do eiusmod tempor incididunt ut labore et dolore magna aliqua. Ut aliquam purus sit amet luctus venenatis lectus magna fringilla. Iaculis nunc sed augue lacus viverra vitae congue eu consequat. ",low,installation,military,2024-01-25T13:45:28.757-07:00,incomplete,http://taut-preservation.info,false,false
31,16,3,Education Center,"Lorem ipsum dolor sit amet, consectetur adipiscing elit, sed do eiusmod tempor incididunt ut labore et dolore magna aliqua. Ut aliquam purus sit amet luctus venenatis lectus magna fringilla. Iaculis nunc sed augue lacus viverra vitae congue eu consequat. ",medium,installation,both,2023-07-08T18:04:41.926-06:00,complete,https://rotating-creek.net,true,true
32,9,3,New Employee Orientation,"Lorem ipsum dolor sit amet, consectetur adipiscing elit, sed do eiusmod tempor incididunt ut labore et dolore magna aliqua. Ut aliquam purus sit amet luctus venenatis lectus magna fringilla. Iaculis nunc sed augue lacus viverra vitae congue eu consequat. ",low,installation,military,2023-06-24T01:12:27.306-06:00,pending,https://dependent-commission.org,false,false
33,30,1,Housing Office,"Lorem ipsum dolor sit amet, consectetur adipiscing elit, sed do eiusmod tempor incididunt ut labore et dolore magna aliqua. Ut aliquam purus sit amet luctus venenatis lectus magna fringilla. Iaculis nunc sed augue lacus viverra vitae congue eu consequat. ",medium,installation,civilian,2023-11-16T17:34:03.712-07:00,complete,http://weepy-inspection.net,true,true
34,28,2,Housing Office,"Lorem ipsum dolor sit amet, consectetur adipiscing elit, sed do eiusmod tempor incididunt ut labore et dolore magna aliqua. Ut aliquam purus sit amet luctus venenatis lectus magna fringilla. Iaculis nunc sed augue lacus viverra vitae congue eu consequat. ",low,installation,military,2024-03-02T15:37:50.264-07:00,pending,http://outlandish-issue.info,true,true
35,16,6,New Employee Orientation,"Lorem ipsum dolor sit amet, consectetur adipiscing elit, sed do eiusmod tempor incididunt ut labore et dolore magna aliqua. Ut aliquam purus sit amet luctus venenatis lectus magna fringilla. Iaculis nunc sed augue lacus viverra vitae congue eu consequat. ",high,installation,military,2023-06-20T19:04:17.424-06:00,pending,https://straight-moccasins.name,true,true
36,14,1,Housing Office,"Lorem ipsum dolor sit amet, consectetur adipiscing elit, sed do eiusmod tempor incididunt ut labore et dolore magna aliqua. Ut aliquam purus sit amet luctus venenatis lectus magna fringilla. Iaculis nunc sed augue lacus viverra vitae congue eu consequat. ",high,installation,civilian,2023-12-11T17:54:06.689-07:00,incomplete,https://blue-tone.biz,true,false
37,15,4,Housing Office,"Lorem ipsum dolor sit amet, consectetur adipiscing elit, sed do eiusmod tempor incididunt ut labore et dolore magna aliqua. Ut aliquam purus sit amet luctus venenatis lectus magna fringilla. Iaculis nunc sed augue lacus viverra vitae congue eu consequat. ",low,installation,both,2024-02-26T00:09:13.419-07:00,pending,http://natural-lag.net,true,true
38,28,1,Housing Office,"Lorem ipsum dolor sit amet, consectetur adipiscing elit, sed do eiusmod tempor incididunt ut labore et dolore magna aliqua. Ut aliquam purus sit amet luctus venenatis lectus magna fringilla. Iaculis nunc sed augue lacus viverra vitae congue eu consequat. ",low,installation,both,2023-12-31T02:15:44.985-07:00,pending,https://quick-witted-pop.com,true,false
39,14,5,Housing Office,"Lorem ipsum dolor sit amet, consectetur adipiscing elit, sed do eiusmod tempor incididunt ut labore et dolore magna aliqua. Ut aliquam purus sit amet luctus venenatis lectus magna fringilla. Iaculis nunc sed augue lacus viverra vitae congue eu consequat. ",medium,installation,both,2024-01-13T10:18:33.529-07:00,complete,https://bouncy-joey.biz,true,true
40,18,5,Housing Office,"Lorem ipsum dolor sit amet, consectetur adipiscing elit, sed do eiusmod tempor incididunt ut labore et dolore magna aliqua. Ut aliquam purus sit amet luctus venenatis lectus magna fringilla. Iaculis nunc sed augue lacus viverra vitae congue eu consequat. ",low,installation,military,2024-04-15T09:49:03.648-06:00,pending,http://untidy-eyelids.name,true,true
41,29,6,Register Personal Weapons,"Lorem ipsum dolor sit amet, consectetur adipiscing elit, sed do eiusmod tempor incididunt ut labore et dolore magna aliqua. Ut aliquam purus sit amet luctus venenatis lectus magna fringilla. Iaculis nunc sed augue lacus viverra vitae congue eu consequat. ",medium,installation,military,2024-01-16T03:49:12.554-07:00,complete,https://rude-panic.com,true,true
42,17,4,Register For Benefits,"Lorem ipsum dolor sit amet, consectetur adipiscing elit, sed do eiusmod tempor incididunt ut labore et dolore magna aliqua. Ut aliquam purus sit amet luctus venenatis lectus magna fringilla. Iaculis nunc sed augue lacus viverra vitae congue eu consequat. ",medium,installation,civilian,2023-06-21T01:27:31.050-06:00,incomplete,http://exhausted-spokesman.net,false,true
43,15,5,New Employee Orientation,"Lorem ipsum dolor sit amet, consectetur adipiscing elit, sed do eiusmod tempor incididunt ut labore et dolore magna aliqua. Ut aliquam purus sit amet luctus venenatis lectus magna fringilla. Iaculis nunc sed augue lacus viverra vitae congue eu consequat. ",high,installation,civilian,2023-06-07T07:52:17.646-06:00,incomplete,https://kooky-soybean.net,false,true
44,21,6,Obtain CAC,"Lorem ipsum dolor sit amet, consectetur adipiscing elit, sed do eiusmod tempor incididunt ut labore et dolore magna aliqua. Ut aliquam purus sit amet luctus venenatis lectus magna fringilla. Iaculis nunc sed augue lacus viverra vitae congue eu consequat. ",low,installation,civilian,2023-11-25T19:33:17.412-07:00,pending,https://chief-savory.net,false,true
45,11,4,Housing Office,"Lorem ipsum dolor sit amet, consectetur adipiscing elit, sed do eiusmod tempor incididunt ut labore et dolore magna aliqua. Ut aliquam purus sit amet luctus venenatis lectus magna fringilla. Iaculis nunc sed augue lacus viverra vitae congue eu consequat. ",medium,installation,civilian,2023-12-26T01:36:43.867-07:00,incomplete,https://vital-disability.name,false,true
46,11,3,Register For Benefits,"Lorem ipsum dolor sit amet, consectetur adipiscing elit, sed do eiusmod tempor incididunt ut labore et dolore magna aliqua. Ut aliquam purus sit amet luctus venenatis lectus magna fringilla. Iaculis nunc sed augue lacus viverra vitae congue eu consequat. ",low,installation,civilian,2023-04-28T13:42:26.769-06:00,incomplete,https://nice-yarmulke.biz,false,false
47,19,1,Turn In Medical Records,"Lorem ipsum dolor sit amet, consectetur adipiscing elit, sed do eiusmod tempor incididunt ut labore et dolore magna aliqua. Ut aliquam purus sit amet luctus venenatis lectus magna fringilla. Iaculis nunc sed augue lacus viverra vitae congue eu consequat. ",medium,installation,both,2023-06-25T04:51:30.031-06:00,pending,http://sparse-inspection.org,true,false
48,12,6,New Employee Orientation,"Lorem ipsum dolor sit amet, consectetur adipiscing elit, sed do eiusmod tempor incididunt ut labore et dolore magna aliqua. Ut aliquam purus sit amet luctus venenatis lectus magna fringilla. Iaculis nunc sed augue lacus viverra vitae congue eu consequat. ",low,installation,both,2023-06-11T10:33:27.955-06:00,incomplete,https://damaged-atmosphere.org,true,true
49,3,1,New Employee Orientation,"Lorem ipsum dolor sit amet, consectetur adipiscing elit, sed do eiusmod tempor incididunt ut labore et dolore magna aliqua. Ut aliquam purus sit amet luctus venenatis lectus magna fringilla. Iaculis nunc sed augue lacus viverra vitae congue eu consequat. ",high,installation,both,2024-03-30T02:21:03.538-06:00,pending,https://acclaimed-break.biz,true,true
50,14,3,Register For Benefits,"Lorem ipsum dolor sit amet, consectetur adipiscing elit, sed do eiusmod tempor incididunt ut labore et dolore magna aliqua. Ut aliquam purus sit amet luctus venenatis lectus magna fringilla. Iaculis nunc sed augue lacus viverra vitae congue eu consequat. ",high,installation,civilian,2023-10-12T05:22:56.885-06:00,complete,https://major-appetizer.org,false,true
51,24,3,Education Center,"Lorem ipsum dolor sit amet, consectetur adipiscing elit, sed do eiusmod tempor incididunt ut labore et dolore magna aliqua. Ut aliquam purus sit amet luctus venenatis lectus magna fringilla. Iaculis nunc sed augue lacus viverra vitae congue eu consequat. ",low,installation,both,2023-08-18T07:18:24.353-06:00,incomplete,http://worthy-last.net,true,true
52,26,5,New Employee Orientation,"Lorem ipsum dolor sit amet, consectetur adipiscing elit, sed do eiusmod tempor incididunt ut labore et dolore magna aliqua. Ut aliquam purus sit amet luctus venenatis lectus magna fringilla. Iaculis nunc sed augue lacus viverra vitae congue eu consequat. ",medium,installation,military,2023-09-12T10:00:58.203-06:00,complete,https://meek-defender.org,false,true
53,20,2,Housing Office,"Lorem ipsum dolor sit amet, consectetur adipiscing elit, sed do eiusmod tempor incididunt ut labore et dolore magna aliqua. Ut aliquam purus sit amet luctus venenatis lectus magna fringilla. Iaculis nunc sed augue lacus viverra vitae congue eu consequat. ",low,installation,both,2023-05-14T20:51:05.736-06:00,complete,https://lumbering-native.org,true,true
54,17,4,Housing Office,"Lorem ipsum dolor sit amet, consectetur adipiscing elit, sed do eiusmod tempor incididunt ut labore et dolore magna aliqua. Ut aliquam purus sit amet luctus venenatis lectus magna fringilla. Iaculis nunc sed augue lacus viverra vitae congue eu consequat. ",low,installation,both,2023-09-23T02:42:46.241-06:00,pending,http://monumental-existence.info,true,false
55,22,1,Education Center,"Lorem ipsum dolor sit amet, consectetur adipiscing elit, sed do eiusmod tempor incididunt ut labore et dolore magna aliqua. Ut aliquam purus sit amet luctus venenatis lectus magna fringilla. Iaculis nunc sed augue lacus viverra vitae congue eu consequat. ",medium,installation,civilian,2023-05-24T20:22:17.450-06:00,incomplete,https://barren-signify.name,false,false
56,23,2,Obtain CAC,"Lorem ipsum dolor sit amet, consectetur adipiscing elit, sed do eiusmod tempor incididunt ut labore et dolore magna aliqua. Ut aliquam purus sit amet luctus venenatis lectus magna fringilla. Iaculis nunc sed augue lacus viverra vitae congue eu consequat. ",medium,installation,military,2023-05-18T00:10:18.571-06:00,pending,http://hefty-judge.net,false,false
57,27,5,Turn In Medical Records,"Lorem ipsum dolor sit amet, consectetur adipiscing elit, sed do eiusmod tempor incididunt ut labore et dolore magna aliqua. Ut aliquam purus sit amet luctus venenatis lectus magna fringilla. Iaculis nunc sed augue lacus viverra vitae congue eu consequat. ",medium,installation,both,2024-01-09T05:13:33.114-07:00,pending,https://advanced-ostrich.com,true,true
58,8,4,Obtain CAC,"Lorem ipsum dolor sit amet, consectetur adipiscing elit, sed do eiusmod tempor incididunt ut labore et dolore magna aliqua. Ut aliquam purus sit amet luctus venenatis lectus magna fringilla. Iaculis nunc sed augue lacus viverra vitae congue eu consequat. ",medium,installation,both,2023-09-25T11:06:31.732-06:00,incomplete,https://crisp-optimal.org,true,true
59,2,1,Register For Benefits,"Lorem ipsum dolor sit amet, consectetur adipiscing elit, sed do eiusmod tempor incididunt ut labore et dolore magna aliqua. Ut aliquam purus sit amet luctus venenatis lectus magna fringilla. Iaculis nunc sed augue lacus viverra vitae congue eu consequat. ",low,installation,both,2024-02-13T23:11:49.021-07:00,incomplete,https://scary-area.org,true,true
60,29,1,Register For Benefits,"Lorem ipsum dolor sit amet, consectetur adipiscing elit, sed do eiusmod tempor incididunt ut labore et dolore magna aliqua. Ut aliquam purus sit amet luctus venenatis lectus magna fringilla. Iaculis nunc sed augue lacus viverra vitae congue eu consequat. ",low,installation,both,2023-06-05T15:11:59.624-06:00,complete,http://essential-starter.org,false,true
61,6,2,Turn In Medical Records,"Lorem ipsum dolor sit amet, consectetur adipiscing elit, sed do eiusmod tempor incididunt ut labore et dolore magna aliqua. Ut aliquam purus sit amet luctus venenatis lectus magna fringilla. Iaculis nunc sed augue lacus viverra vitae congue eu consequat. ",medium,installation,civilian,2023-12-28T07:35:16.912-07:00,complete,http://big-hearted-canon.com,false,true
62,11,4,Turn In Medical Records,"Lorem ipsum dolor sit amet, consectetur adipiscing elit, sed do eiusmod tempor incididunt ut labore et dolore magna aliqua. Ut aliquam purus sit amet luctus venenatis lectus magna fringilla. Iaculis nunc sed augue lacus viverra vitae congue eu consequat. ",high,installation,civilian,2023-08-12T01:25:51.491-06:00,incomplete,https://calm-donation.org,false,true
63,29,2,Education Center,"Lorem ipsum dolor sit amet, consectetur adipiscing elit, sed do eiusmod tempor incididunt ut labore et dolore magna aliqua. Ut aliquam purus sit amet luctus venenatis lectus magna fringilla. Iaculis nunc sed augue lacus viverra vitae congue eu consequat. ",high,installation,civilian,2024-03-04T05:30:42.434-07:00,pending,https://deserted-trader.net,false,false
64,30,2,New Employee Orientation,"Lorem ipsum dolor sit amet, consectetur adipiscing elit, sed do eiusmod tempor incididunt ut labore et dolore magna aliqua. Ut aliquam purus sit amet luctus venenatis lectus magna fringilla. Iaculis nunc sed augue lacus viverra vitae congue eu consequat. ",medium,installation,civilian,2023-04-25T16:50:02.711-06:00,complete,https://stylish-middleman.com,false,false
65,12,4,Obtain CAC,"Lorem ipsum dolor sit amet, consectetur adipiscing elit, sed do eiusmod tempor incididunt ut labore et dolore magna aliqua. Ut aliquam purus sit amet luctus venenatis lectus magna fringilla. Iaculis nunc sed augue lacus viverra vitae congue eu consequat. ",low,installation,civilian,2024-02-11T22:34:25.272-07:00,pending,https://close-afternoon.name,true,false
66,20,4,New Employee Orientation,"Lorem ipsum dolor sit amet, consectetur adipiscing elit, sed do eiusmod tempor incididunt ut labore et dolore magna aliqua. Ut aliquam purus sit amet luctus venenatis lectus magna fringilla. Iaculis nunc sed augue lacus viverra vitae congue eu consequat. ",medium,installation,civilian,2024-01-10T05:25:11.243-07:00,complete,https://ambitious-vinyl.name,false,false
67,27,4,Register Personal Weapons,"Lorem ipsum dolor sit amet, consectetur adipiscing elit, sed do eiusmod tempor incididunt ut labore et dolore magna aliqua. Ut aliquam purus sit amet luctus venenatis lectus magna fringilla. Iaculis nunc sed augue lacus viverra vitae congue eu consequat. ",low,installation,civilian,2023-12-22T04:38:50.342-07:00,complete,http://negative-fiesta.net,false,true
69,19,1,Housing Office,"Lorem ipsum dolor sit amet, consectetur adipiscing elit, sed do eiusmod tempor incididunt ut labore et dolore magna aliqua. Ut aliquam purus sit amet luctus venenatis lectus magna fringilla. Iaculis nunc sed augue lacus viverra vitae congue eu consequat. ",low,installation,civilian,2024-03-31T09:06:26.283-06:00,incomplete,https://lumpy-lake.org,true,false
70,2,4,Housing Office,"Lorem ipsum dolor sit amet, consectetur adipiscing elit, sed do eiusmod tempor incididunt ut labore et dolore magna aliqua. Ut aliquam purus sit amet luctus venenatis lectus magna fringilla. Iaculis nunc sed augue lacus viverra vitae congue eu consequat. ",medium,installation,civilian,2023-09-07T17:36:10.631-06:00,incomplete,https://ecstatic-hull.name,false,true
71,5,2,Register Personal Weapons,"Lorem ipsum dolor sit amet, consectetur adipiscing elit, sed do eiusmod tempor incididunt ut labore et dolore magna aliqua. Ut aliquam purus sit amet luctus venenatis lectus magna fringilla. Iaculis nunc sed augue lacus viverra vitae congue eu consequat. ",medium,installation,civilian,2024-02-18T20:06:28.138-07:00,pending,http://other-thrift.com,true,false
72,12,3,Turn In Medical Records,"Lorem ipsum dolor sit amet, consectetur adipiscing elit, sed do eiusmod tempor incididunt ut labore et dolore magna aliqua. Ut aliquam purus sit amet luctus venenatis lectus magna fringilla. Iaculis nunc sed augue lacus viverra vitae congue eu consequat. ",high,installation,military,2023-09-22T04:05:06.352-06:00,complete,https://orange-reputation.com,true,false
73,27,2,Obtain CAC,"Lorem ipsum dolor sit amet, consectetur adipiscing elit, sed do eiusmod tempor incididunt ut labore et dolore magna aliqua. Ut aliquam purus sit amet luctus venenatis lectus magna fringilla. Iaculis nunc sed augue lacus viverra vitae congue eu consequat. ",high,installation,both,2023-05-08T20:47:49.738-06:00,incomplete,https://ornate-dramaturge.name,false,false
74,16,5,Obtain CAC,"Lorem ipsum dolor sit amet, consectetur adipiscing elit, sed do eiusmod tempor incididunt ut labore et dolore magna aliqua. Ut aliquam purus sit amet luctus venenatis lectus magna fringilla. Iaculis nunc sed augue lacus viverra vitae congue eu consequat. ",high,installation,military,2024-03-24T21:14:30.006-06:00,pending,http://starchy-info.net,true,true
75,17,3,Register For Benefits,"Lorem ipsum dolor sit amet, consectetur adipiscing elit, sed do eiusmod tempor incididunt ut labore et dolore magna aliqua. Ut aliquam purus sit amet luctus venenatis lectus magna fringilla. Iaculis nunc sed augue lacus viverra vitae congue eu consequat. ",high,installation,both,2023-08-21T19:56:26.864-06:00,incomplete,https://tepid-disengagement.com,true,true
76,11,6,Register Personal Weapons,"Lorem ipsum dolor sit amet, consectetur adipiscing elit, sed do eiusmod tempor incididunt ut labore et dolore magna aliqua. Ut aliquam purus sit amet luctus venenatis lectus magna fringilla. Iaculis nunc sed augue lacus viverra vitae congue eu consequat. ",medium,installation,military,2023-10-18T17:04:59.284-06:00,incomplete,http://that-breadfruit.net,true,true
77,9,3,Register Personal Weapons,"Lorem ipsum dolor sit amet, consectetur adipiscing elit, sed do eiusmod tempor incididunt ut labore et dolore magna aliqua. Ut aliquam purus sit amet luctus venenatis lectus magna fringilla. Iaculis nunc sed augue lacus viverra vitae congue eu consequat. ",medium,installation,both,2023-06-11T22:23:12.687-06:00,complete,http://austere-conversion.com,true,true
78,26,1,Obtain CAC,"Lorem ipsum dolor sit amet, consectetur adipiscing elit, sed do eiusmod tempor incididunt ut labore et dolore magna aliqua. Ut aliquam purus sit amet luctus venenatis lectus magna fringilla. Iaculis nunc sed augue lacus viverra vitae congue eu consequat. ",high,installation,both,2023-12-26T03:46:44.230-07:00,complete,https://vain-geology.biz,false,true
79,9,2,New Employee Orientation,"Lorem ipsum dolor sit amet, consectetur adipiscing elit, sed do eiusmod tempor incididunt ut labore et dolore magna aliqua. Ut aliquam purus sit amet luctus venenatis lectus magna fringilla. Iaculis nunc sed augue lacus viverra vitae congue eu consequat. ",high,installation,civilian,2023-10-24T20:20:43.450-06:00,pending,https://free-termite.net,true,false
80,24,6,Obtain CAC,"Lorem ipsum dolor sit amet, consectetur adipiscing elit, sed do eiusmod tempor incididunt ut labore et dolore magna aliqua. Ut aliquam purus sit amet luctus venenatis lectus magna fringilla. Iaculis nunc sed augue lacus viverra vitae congue eu consequat. ",high,installation,both,2023-09-17T07:44:30.954-06:00,pending,https://recent-counterterrorism.com,false,false
81,16,2,Obtain CAC,"Lorem ipsum dolor sit amet, consectetur adipiscing elit, sed do eiusmod tempor incididunt ut labore et dolore magna aliqua. Ut aliquam purus sit amet luctus venenatis lectus magna fringilla. Iaculis nunc sed augue lacus viverra vitae congue eu consequat. ",medium,installation,both,2023-12-16T19:18:45.439-07:00,pending,http://unsteady-lyocell.com,true,false
82,15,4,Register Personal Weapons,"Lorem ipsum dolor sit amet, consectetur adipiscing elit, sed do eiusmod tempor incididunt ut labore et dolore magna aliqua. Ut aliquam purus sit amet luctus venenatis lectus magna fringilla. Iaculis nunc sed augue lacus viverra vitae congue eu consequat. ",medium,installation,military,2023-07-05T01:51:49.759-06:00,complete,https://misty-qualification.info,true,true
83,8,3,Register Personal Weapons,"Lorem ipsum dolor sit amet, consectetur adipiscing elit, sed do eiusmod tempor incididunt ut labore et dolore magna aliqua. Ut aliquam purus sit amet luctus venenatis lectus magna fringilla. Iaculis nunc sed augue lacus viverra vitae congue eu consequat. ",medium,installation,military,2024-03-17T01:58:46.599-06:00,pending,http://honored-defendant.name,true,false
84,10,5,Education Center,"Lorem ipsum dolor sit amet, consectetur adipiscing elit, sed do eiusmod tempor incididunt ut labore et dolore magna aliqua. Ut aliquam purus sit amet luctus venenatis lectus magna fringilla. Iaculis nunc sed augue lacus viverra vitae congue eu consequat. ",low,installation,civilian,2023-05-07T17:40:35.047-06:00,incomplete,https://complete-hammock.biz,true,false
86,7,4,Obtain CAC,"Lorem ipsum dolor sit amet, consectetur adipiscing elit, sed do eiusmod tempor incididunt ut labore et dolore magna aliqua. Ut aliquam purus sit amet luctus venenatis lectus magna fringilla. Iaculis nunc sed augue lacus viverra vitae congue eu consequat. ",high,installation,military,2023-10-28T04:55:01.780-06:00,complete,https://easy-correspondent.name,true,false
87,8,1,Turn In Medical Records,"Lorem ipsum dolor sit amet, consectetur adipiscing elit, sed do eiusmod tempor incididunt ut labore et dolore magna aliqua. Ut aliquam purus sit amet luctus venenatis lectus magna fringilla. Iaculis nunc sed augue lacus viverra vitae congue eu consequat. ",medium,installation,both,2023-05-30T13:00:39.783-06:00,incomplete,http://ragged-lace.com,true,true
88,10,4,Turn In Medical Records,"Lorem ipsum dolor sit amet, consectetur adipiscing elit, sed do eiusmod tempor incididunt ut labore et dolore magna aliqua. Ut aliquam purus sit amet luctus venenatis lectus magna fringilla. Iaculis nunc sed augue lacus viverra vitae congue eu consequat. ",low,installation,civilian,2023-10-25T15:51:07.422-06:00,pending,https://vital-soundness.com,true,true
89,16,3,Turn In Medical Records,"Lorem ipsum dolor sit amet, consectetur adipiscing elit, sed do eiusmod tempor incididunt ut labore et dolore magna aliqua. Ut aliquam purus sit amet luctus venenatis lectus magna fringilla. Iaculis nunc sed augue lacus viverra vitae congue eu consequat. ",medium,installation,civilian,2023-05-20T06:07:05.172-06:00,incomplete,https://prime-thrush.info,false,false
90,21,2,Obtain CAC,"Lorem ipsum dolor sit amet, consectetur adipiscing elit, sed do eiusmod tempor incididunt ut labore et dolore magna aliqua. Ut aliquam purus sit amet luctus venenatis lectus magna fringilla. Iaculis nunc sed augue lacus viverra vitae congue eu consequat. ",medium,installation,military,2023-05-18T02:04:43.127-06:00,incomplete,http://dutiful-sophomore.net,false,true
91,4,1,New Employee Orientation,"Lorem ipsum dolor sit amet, consectetur adipiscing elit, sed do eiusmod tempor incididunt ut labore et dolore magna aliqua. Ut aliquam purus sit amet luctus venenatis lectus magna fringilla. Iaculis nunc sed augue lacus viverra vitae congue eu consequat. ",medium,installation,both,2023-10-12T06:43:22.239-06:00,complete,http://arctic-tachometer.info,true,true
92,17,2,Education Center,"Lorem ipsum dolor sit amet, consectetur adipiscing elit, sed do eiusmod tempor incididunt ut labore et dolore magna aliqua. Ut aliquam purus sit amet luctus venenatis lectus magna fringilla. Iaculis nunc sed augue lacus viverra vitae congue eu consequat. ",high,installation,military,2023-05-15T11:34:32.956-06:00,incomplete,http://worrisome-waiver.info,true,false
93,17,6,Register For Benefits,"Lorem ipsum dolor sit amet, consectetur adipiscing elit, sed do eiusmod tempor incididunt ut labore et dolore magna aliqua. Ut aliquam purus sit amet luctus venenatis lectus magna fringilla. Iaculis nunc sed augue lacus viverra vitae congue eu consequat. ",low,installation,both,2023-11-18T06:44:27.468-07:00,complete,http://raw-belfry.name,false,false
94,4,3,Obtain CAC,"Lorem ipsum dolor sit amet, consectetur adipiscing elit, sed do eiusmod tempor incididunt ut labore et dolore magna aliqua. Ut aliquam purus sit amet luctus venenatis lectus magna fringilla. Iaculis nunc sed augue lacus viverra vitae congue eu consequat. ",high,installation,military,2023-12-11T03:09:18.049-07:00,pending,http://essential-element.biz,false,false
95,3,3,Register Personal Weapons,"Lorem ipsum dolor sit amet, consectetur adipiscing elit, sed do eiusmod tempor incididunt ut labore et dolore magna aliqua. Ut aliquam purus sit amet luctus venenatis lectus magna fringilla. Iaculis nunc sed augue lacus viverra vitae congue eu consequat. ",low,installation,military,2023-11-28T00:39:29.389-07:00,pending,https://loyal-hashtag.biz,false,true
96,27,3,Register Personal Weapons,"Lorem ipsum dolor sit amet, consectetur adipiscing elit, sed do eiusmod tempor incididunt ut labore et dolore magna aliqua. Ut aliquam purus sit amet luctus venenatis lectus magna fringilla. Iaculis nunc sed augue lacus viverra vitae congue eu consequat. ",high,installation,military,2023-05-10T01:29:47.883-06:00,pending,https://lucky-blueberry.name,false,true
97,16,3,Turn In Medical Records,"Lorem ipsum dolor sit amet, consectetur adipiscing elit, sed do eiusmod tempor incididunt ut labore et dolore magna aliqua. Ut aliquam purus sit amet luctus venenatis lectus magna fringilla. Iaculis nunc sed augue lacus viverra vitae congue eu consequat. ",low,installation,civilian,2023-11-19T12:13:48.112-07:00,incomplete,https://other-emphasis.biz,false,true
98,14,6,Turn In Medical Records,"Lorem ipsum dolor sit amet, consectetur adipiscing elit, sed do eiusmod tempor incididunt ut labore et dolore magna aliqua. Ut aliquam purus sit amet luctus venenatis lectus magna fringilla. Iaculis nunc sed augue lacus viverra vitae congue eu consequat. ",medium,installation,military,2023-06-04T19:24:39.951-06:00,incomplete,https://shameless-operating.org,false,true
99,11,2,New Employee Orientation,"Lorem ipsum dolor sit amet, consectetur adipiscing elit, sed do eiusmod tempor incididunt ut labore et dolore magna aliqua. Ut aliquam purus sit amet luctus venenatis lectus magna fringilla. Iaculis nunc sed augue lacus viverra vitae congue eu consequat. ",low,installation,both,2024-01-19T06:42:31.135-07:00,pending,https://exotic-metallurgist.name,false,false
100,19,3,Housing Office,"Lorem ipsum dolor sit amet, consectetur adipiscing elit, sed do eiusmod tempor incididunt ut labore et dolore magna aliqua. Ut aliquam purus sit amet luctus venenatis lectus magna fringilla. Iaculis nunc sed augue lacus viverra vitae congue eu consequat. ",medium,installation,military,2023-08-31T20:25:28.842-06:00,pending,https://earnest-birthday.biz,false,true
101,28,4,Obtain CAC,"Lorem ipsum dolor sit amet, consectetur adipiscing elit, sed do eiusmod tempor incididunt ut labore et dolore magna aliqua. Ut aliquam purus sit amet luctus venenatis lectus magna fringilla. Iaculis nunc sed augue lacus viverra vitae congue eu consequat. ",low,installation,both,2024-04-11T09:27:06.920-06:00,complete,http://official-sub.biz,false,false
102,5,5,Cyber Awareness,"Lorem ipsum dolor sit amet, consectetur adipiscing elit, sed do eiusmod tempor incididunt ut labore et dolore magna aliqua. Ut aliquam purus sit amet luctus venenatis lectus magna fringilla. Iaculis nunc sed augue lacus viverra vitae congue eu consequat. ",medium,unit,both,2024-01-05T07:55:05.389-07:00,pending,https://well-groomed-criminal.org,true,false
103,13,1,Register for Network Accounts,"Lorem ipsum dolor sit amet, consectetur adipiscing elit, sed do eiusmod tempor incididunt ut labore et dolore magna aliqua. Ut aliquam purus sit amet luctus venenatis lectus magna fringilla. Iaculis nunc sed augue lacus viverra vitae congue eu consequat. ",medium,unit,military,2023-05-14T07:09:23.104-06:00,complete,https://careless-neonate.info,true,false
104,18,4,Obtain provisions,"Lorem ipsum dolor sit amet, consectetur adipiscing elit, sed do eiusmod tempor incididunt ut labore et dolore magna aliqua. Ut aliquam purus sit amet luctus venenatis lectus magna fringilla. Iaculis nunc sed augue lacus viverra vitae congue eu consequat. ",medium,unit,both,2023-11-22T16:56:39.556-07:00,complete,https://subdued-chives.com,true,false
105,23,3,Apply for GTC,"Lorem ipsum dolor sit amet, consectetur adipiscing elit, sed do eiusmod tempor incididunt ut labore et dolore magna aliqua. Ut aliquam purus sit amet luctus venenatis lectus magna fringilla. Iaculis nunc sed augue lacus viverra vitae congue eu consequat. ",high,unit,military,2023-05-10T14:39:18.185-06:00,incomplete,http://critical-door.name,true,true
106,19,1,Register for Network Accounts,"Lorem ipsum dolor sit amet, consectetur adipiscing elit, sed do eiusmod tempor incididunt ut labore et dolore magna aliqua. Ut aliquam purus sit amet luctus venenatis lectus magna fringilla. Iaculis nunc sed augue lacus viverra vitae congue eu consequat. ",high,unit,civilian,2023-07-24T10:07:10.369-06:00,complete,http://peaceful-loafer.net,false,true
107,16,5,Update SGLI,"Lorem ipsum dolor sit amet, consectetur adipiscing elit, sed do eiusmod tempor incididunt ut labore et dolore magna aliqua. Ut aliquam purus sit amet luctus venenatis lectus magna fringilla. Iaculis nunc sed augue lacus viverra vitae congue eu consequat. ",high,unit,military,2023-07-18T19:56:59.906-06:00,complete,https://internal-hire.name,true,false
108,19,1,Obtain provisions,"Lorem ipsum dolor sit amet, consectetur adipiscing elit, sed do eiusmod tempor incididunt ut labore et dolore magna aliqua. Ut aliquam purus sit amet luctus venenatis lectus magna fringilla. Iaculis nunc sed augue lacus viverra vitae congue eu consequat. ",high,unit,civilian,2023-12-23T20:35:47.379-07:00,pending,http://thin-airline.net,true,true
109,10,6,Meet with Leadership,"Lorem ipsum dolor sit amet, consectetur adipiscing elit, sed do eiusmod tempor incididunt ut labore et dolore magna aliqua. Ut aliquam purus sit amet luctus venenatis lectus magna fringilla. Iaculis nunc sed augue lacus viverra vitae congue eu consequat. ",high,unit,both,2023-09-29T01:49:59.597-06:00,incomplete,https://bubbly-bestseller.info,true,false
110,9,5,Cyber Awareness,"Lorem ipsum dolor sit amet, consectetur adipiscing elit, sed do eiusmod tempor incididunt ut labore et dolore magna aliqua. Ut aliquam purus sit amet luctus venenatis lectus magna fringilla. Iaculis nunc sed augue lacus viverra vitae congue eu consequat. ",high,unit,civilian,2023-10-07T21:41:46.816-06:00,incomplete,https://damaged-content.net,true,true
111,28,6,Cyber Awareness,"Lorem ipsum dolor sit amet, consectetur adipiscing elit, sed do eiusmod tempor incididunt ut labore et dolore magna aliqua. Ut aliquam purus sit amet luctus venenatis lectus magna fringilla. Iaculis nunc sed augue lacus viverra vitae congue eu consequat. ",low,unit,both,2023-09-29T20:49:43.322-06:00,complete,https://curly-genocide.com,false,false
112,21,4,Complete Mandatory Training,"Lorem ipsum dolor sit amet, consectetur adipiscing elit, sed do eiusmod tempor incididunt ut labore et dolore magna aliqua. Ut aliquam purus sit amet luctus venenatis lectus magna fringilla. Iaculis nunc sed augue lacus viverra vitae congue eu consequat. ",high,unit,both,2024-03-20T16:37:58.077-06:00,incomplete,http://clumsy-hammer.biz,true,true
113,17,6,Meet with Leadership,"Lorem ipsum dolor sit amet, consectetur adipiscing elit, sed do eiusmod tempor incididunt ut labore et dolore magna aliqua. Ut aliquam purus sit amet luctus venenatis lectus magna fringilla. Iaculis nunc sed augue lacus viverra vitae congue eu consequat. ",high,unit,both,2024-04-19T15:22:48.374-06:00,complete,http://wan-recording.net,true,true
114,10,3,Update SGLI,"Lorem ipsum dolor sit amet, consectetur adipiscing elit, sed do eiusmod tempor incididunt ut labore et dolore magna aliqua. Ut aliquam purus sit amet luctus venenatis lectus magna fringilla. Iaculis nunc sed augue lacus viverra vitae congue eu consequat. ",low,unit,both,2023-05-01T05:55:38.388-06:00,incomplete,http://outgoing-forebear.org,true,false
115,25,4,Meet with Leadership,"Lorem ipsum dolor sit amet, consectetur adipiscing elit, sed do eiusmod tempor incididunt ut labore et dolore magna aliqua. Ut aliquam purus sit amet luctus venenatis lectus magna fringilla. Iaculis nunc sed augue lacus viverra vitae congue eu consequat. ",medium,unit,military,2023-12-24T07:30:39.447-07:00,complete,http://massive-decoder.com,true,true
116,27,6,Apply for GTC,"Lorem ipsum dolor sit amet, consectetur adipiscing elit, sed do eiusmod tempor incididunt ut labore et dolore magna aliqua. Ut aliquam purus sit amet luctus venenatis lectus magna fringilla. Iaculis nunc sed augue lacus viverra vitae congue eu consequat. ",medium,unit,civilian,2024-01-10T21:06:36.209-07:00,incomplete,http://clever-person.info,true,true
117,22,6,Update SGLI,"Lorem ipsum dolor sit amet, consectetur adipiscing elit, sed do eiusmod tempor incididunt ut labore et dolore magna aliqua. Ut aliquam purus sit amet luctus venenatis lectus magna fringilla. Iaculis nunc sed augue lacus viverra vitae congue eu consequat. ",low,unit,military,2023-06-07T04:20:11.516-06:00,incomplete,https://fond-brother.biz,true,true
118,18,3,Cyber Awareness,"Lorem ipsum dolor sit amet, consectetur adipiscing elit, sed do eiusmod tempor incididunt ut labore et dolore magna aliqua. Ut aliquam purus sit amet luctus venenatis lectus magna fringilla. Iaculis nunc sed augue lacus viverra vitae congue eu consequat. ",medium,unit,civilian,2024-03-22T23:41:57.725-06:00,complete,http://fickle-pop.name,true,true
119,26,3,Meet with Leadership,"Lorem ipsum dolor sit amet, consectetur adipiscing elit, sed do eiusmod tempor incididunt ut labore et dolore magna aliqua. Ut aliquam purus sit amet luctus venenatis lectus magna fringilla. Iaculis nunc sed augue lacus viverra vitae congue eu consequat. ",low,unit,military,2024-03-16T00:26:34.343-06:00,pending,http://white-familiar.name,false,true
120,3,5,Cyber Awareness,"Lorem ipsum dolor sit amet, consectetur adipiscing elit, sed do eiusmod tempor incididunt ut labore et dolore magna aliqua. Ut aliquam purus sit amet luctus venenatis lectus magna fringilla. Iaculis nunc sed augue lacus viverra vitae congue eu consequat. ",high,unit,military,2023-09-02T01:27:55.506-06:00,pending,http://sticky-hoe.biz,false,false
121,16,2,Register for Network Accounts,"Lorem ipsum dolor sit amet, consectetur adipiscing elit, sed do eiusmod tempor incididunt ut labore et dolore magna aliqua. Ut aliquam purus sit amet luctus venenatis lectus magna fringilla. Iaculis nunc sed augue lacus viverra vitae congue eu consequat. ",high,unit,military,2023-05-27T19:17:29.138-06:00,pending,http://sociable-resist.com,false,false
122,6,3,Update DTS,"Lorem ipsum dolor sit amet, consectetur adipiscing elit, sed do eiusmod tempor incididunt ut labore et dolore magna aliqua. Ut aliquam purus sit amet luctus venenatis lectus magna fringilla. Iaculis nunc sed augue lacus viverra vitae congue eu consequat. ",high,unit,military,2023-12-21T03:19:45.773-07:00,incomplete,https://traumatic-grass.org,false,false
123,16,2,Update SGLI,"Lorem ipsum dolor sit amet, consectetur adipiscing elit, sed do eiusmod tempor incididunt ut labore et dolore magna aliqua. Ut aliquam purus sit amet luctus venenatis lectus magna fringilla. Iaculis nunc sed augue lacus viverra vitae congue eu consequat. ",medium,unit,military,2023-04-27T02:41:10.474-06:00,pending,https://muted-foxglove.info,true,true
124,28,5,Obtain provisions,"Lorem ipsum dolor sit amet, consectetur adipiscing elit, sed do eiusmod tempor incididunt ut labore et dolore magna aliqua. Ut aliquam purus sit amet luctus venenatis lectus magna fringilla. Iaculis nunc sed augue lacus viverra vitae congue eu consequat. ",low,unit,military,2024-04-11T17:23:23.708-06:00,complete,http://necessary-evening.com,false,true
125,12,5,Update SGLI,"Lorem ipsum dolor sit amet, consectetur adipiscing elit, sed do eiusmod tempor incididunt ut labore et dolore magna aliqua. Ut aliquam purus sit amet luctus venenatis lectus magna fringilla. Iaculis nunc sed augue lacus viverra vitae congue eu consequat. ",medium,unit,both,2023-07-12T01:52:23.730-06:00,complete,https://yawning-puggle.biz,false,false
126,9,6,Register for Network Accounts,"Lorem ipsum dolor sit amet, consectetur adipiscing elit, sed do eiusmod tempor incididunt ut labore et dolore magna aliqua. Ut aliquam purus sit amet luctus venenatis lectus magna fringilla. Iaculis nunc sed augue lacus viverra vitae congue eu consequat. ",medium,unit,military,2023-08-13T19:18:01.469-06:00,incomplete,http://overcooked-subway.info,false,false
127,30,1,Complete Mandatory Training,"Lorem ipsum dolor sit amet, consectetur adipiscing elit, sed do eiusmod tempor incididunt ut labore et dolore magna aliqua. Ut aliquam purus sit amet luctus venenatis lectus magna fringilla. Iaculis nunc sed augue lacus viverra vitae congue eu consequat. ",high,unit,military,2023-08-31T09:11:14.551-06:00,incomplete,https://serene-commodity.biz,false,true
128,6,4,Update SGLI,"Lorem ipsum dolor sit amet, consectetur adipiscing elit, sed do eiusmod tempor incididunt ut labore et dolore magna aliqua. Ut aliquam purus sit amet luctus venenatis lectus magna fringilla. Iaculis nunc sed augue lacus viverra vitae congue eu consequat. ",low,unit,civilian,2023-06-11T11:15:28.352-06:00,incomplete,http://numb-gorilla.net,false,true
129,24,4,Complete Mandatory Training,"Lorem ipsum dolor sit amet, consectetur adipiscing elit, sed do eiusmod tempor incididunt ut labore et dolore magna aliqua. Ut aliquam purus sit amet luctus venenatis lectus magna fringilla. Iaculis nunc sed augue lacus viverra vitae congue eu consequat. ",high,unit,civilian,2023-08-03T12:02:43.425-06:00,incomplete,https://unconscious-silence.info,true,false
130,9,1,Update SGLI,"Lorem ipsum dolor sit amet, consectetur adipiscing elit, sed do eiusmod tempor incididunt ut labore et dolore magna aliqua. Ut aliquam purus sit amet luctus venenatis lectus magna fringilla. Iaculis nunc sed augue lacus viverra vitae congue eu consequat. ",medium,unit,civilian,2023-10-13T17:19:38.571-06:00,pending,http://growling-furry.net,false,true
131,23,2,Cyber Awareness,"Lorem ipsum dolor sit amet, consectetur adipiscing elit, sed do eiusmod tempor incididunt ut labore et dolore magna aliqua. Ut aliquam purus sit amet luctus venenatis lectus magna fringilla. Iaculis nunc sed augue lacus viverra vitae congue eu consequat. ",low,unit,military,2024-01-19T20:58:02.073-07:00,complete,https://close-trench.info,false,true
132,6,3,Apply for GTC,"Lorem ipsum dolor sit amet, consectetur adipiscing elit, sed do eiusmod tempor incididunt ut labore et dolore magna aliqua. Ut aliquam purus sit amet luctus venenatis lectus magna fringilla. Iaculis nunc sed augue lacus viverra vitae congue eu consequat. ",low,unit,civilian,2024-01-07T15:28:30.861-07:00,pending,http://perfumed-night.org,true,false
133,17,3,Complete Mandatory Training,"Lorem ipsum dolor sit amet, consectetur adipiscing elit, sed do eiusmod tempor incididunt ut labore et dolore magna aliqua. Ut aliquam purus sit amet luctus venenatis lectus magna fringilla. Iaculis nunc sed augue lacus viverra vitae congue eu consequat. ",medium,unit,military,2023-05-04T19:46:18.428-06:00,incomplete,http://spicy-disregard.name,true,false
134,28,6,Cyber Awareness,"Lorem ipsum dolor sit amet, consectetur adipiscing elit, sed do eiusmod tempor incididunt ut labore et dolore magna aliqua. Ut aliquam purus sit amet luctus venenatis lectus magna fringilla. Iaculis nunc sed augue lacus viverra vitae congue eu consequat. ",low,unit,civilian,2023-05-29T18:59:40.518-06:00,complete,http://moral-whisper.org,false,true
135,29,4,Obtain provisions,"Lorem ipsum dolor sit amet, consectetur adipiscing elit, sed do eiusmod tempor incididunt ut labore et dolore magna aliqua. Ut aliquam purus sit amet luctus venenatis lectus magna fringilla. Iaculis nunc sed augue lacus viverra vitae congue eu consequat. ",low,unit,both,2023-04-27T03:50:22.141-06:00,complete,http://clean-cattle.net,false,false
136,26,2,Obtain provisions,"Lorem ipsum dolor sit amet, consectetur adipiscing elit, sed do eiusmod tempor incididunt ut labore et dolore magna aliqua. Ut aliquam purus sit amet luctus venenatis lectus magna fringilla. Iaculis nunc sed augue lacus viverra vitae congue eu consequat. ",high,unit,civilian,2023-04-29T21:55:49.871-06:00,pending,https://fickle-violence.net,true,false
137,6,2,Register for Network Accounts,"Lorem ipsum dolor sit amet, consectetur adipiscing elit, sed do eiusmod tempor incididunt ut labore et dolore magna aliqua. Ut aliquam purus sit amet luctus venenatis lectus magna fringilla. Iaculis nunc sed augue lacus viverra vitae congue eu consequat. ",medium,unit,both,2024-01-30T23:09:47.561-07:00,complete,https://yummy-probe.name,false,true
138,20,6,Update DTS,"Lorem ipsum dolor sit amet, consectetur adipiscing elit, sed do eiusmod tempor incididunt ut labore et dolore magna aliqua. Ut aliquam purus sit amet luctus venenatis lectus magna fringilla. Iaculis nunc sed augue lacus viverra vitae congue eu consequat. ",medium,unit,both,2023-06-11T19:07:08.650-06:00,incomplete,http://square-ostrich.net,true,false
139,23,1,Meet with Leadership,"Lorem ipsum dolor sit amet, consectetur adipiscing elit, sed do eiusmod tempor incididunt ut labore et dolore magna aliqua. Ut aliquam purus sit amet luctus venenatis lectus magna fringilla. Iaculis nunc sed augue lacus viverra vitae congue eu consequat. ",low,unit,civilian,2023-06-28T13:35:12.792-06:00,incomplete,http://gray-master.net,false,false
140,6,6,Cyber Awareness,"Lorem ipsum dolor sit amet, consectetur adipiscing elit, sed do eiusmod tempor incididunt ut labore et dolore magna aliqua. Ut aliquam purus sit amet luctus venenatis lectus magna fringilla. Iaculis nunc sed augue lacus viverra vitae congue eu consequat. ",medium,unit,both,2023-07-10T11:13:29.097-06:00,pending,http://exotic-thirst.name,false,false
141,5,6,Apply for GTC,"Lorem ipsum dolor sit amet, consectetur adipiscing elit, sed do eiusmod tempor incididunt ut labore et dolore magna aliqua. Ut aliquam purus sit amet luctus venenatis lectus magna fringilla. Iaculis nunc sed augue lacus viverra vitae congue eu consequat. ",medium,unit,both,2023-11-27T07:34:20.779-07:00,incomplete,http://sick-risk.info,true,true
142,2,2,Apply for GTC,"Lorem ipsum dolor sit amet, consectetur adipiscing elit, sed do eiusmod tempor incididunt ut labore et dolore magna aliqua. Ut aliquam purus sit amet luctus venenatis lectus magna fringilla. Iaculis nunc sed augue lacus viverra vitae congue eu consequat. ",high,unit,both,2023-09-21T09:42:29.249-06:00,pending,https://cheerful-advertisement.org,false,true
143,7,1,Obtain provisions,"Lorem ipsum dolor sit amet, consectetur adipiscing elit, sed do eiusmod tempor incididunt ut labore et dolore magna aliqua. Ut aliquam purus sit amet luctus venenatis lectus magna fringilla. Iaculis nunc sed augue lacus viverra vitae congue eu consequat. ",low,unit,military,2024-03-27T16:41:29.033-06:00,complete,https://flickering-hemp.info,true,false
144,14,1,Complete Mandatory Training,"Lorem ipsum dolor sit amet, consectetur adipiscing elit, sed do eiusmod tempor incididunt ut labore et dolore magna aliqua. Ut aliquam purus sit amet luctus venenatis lectus magna fringilla. Iaculis nunc sed augue lacus viverra vitae congue eu consequat. ",low,unit,military,2023-12-26T10:39:41.883-07:00,incomplete,https://slushy-marathon.biz,false,false
145,29,3,Register for Network Accounts,"Lorem ipsum dolor sit amet, consectetur adipiscing elit, sed do eiusmod tempor incididunt ut labore et dolore magna aliqua. Ut aliquam purus sit amet luctus venenatis lectus magna fringilla. Iaculis nunc sed augue lacus viverra vitae congue eu consequat. ",high,unit,military,2023-12-10T22:53:44.602-07:00,pending,http://far-flung-mailing.name,true,true
146,12,6,Meet with Leadership,"Lorem ipsum dolor sit amet, consectetur adipiscing elit, sed do eiusmod tempor incididunt ut labore et dolore magna aliqua. Ut aliquam purus sit amet luctus venenatis lectus magna fringilla. Iaculis nunc sed augue lacus viverra vitae congue eu consequat. ",low,unit,civilian,2023-08-22T19:03:36.338-06:00,complete,https://instructive-cabinet.name,false,true
147,2,6,Meet with Leadership,"Lorem ipsum dolor sit amet, consectetur adipiscing elit, sed do eiusmod tempor incididunt ut labore et dolore magna aliqua. Ut aliquam purus sit amet luctus venenatis lectus magna fringilla. Iaculis nunc sed augue lacus viverra vitae congue eu consequat. ",medium,unit,both,2023-11-10T00:26:40.164-07:00,incomplete,https://strict-icon.biz,false,false
148,23,1,Apply for GTC,"Lorem ipsum dolor sit amet, consectetur adipiscing elit, sed do eiusmod tempor incididunt ut labore et dolore magna aliqua. Ut aliquam purus sit amet luctus venenatis lectus magna fringilla. Iaculis nunc sed augue lacus viverra vitae congue eu consequat. ",medium,unit,military,2023-12-28T09:41:03.305-07:00,incomplete,http://willing-colorlessness.com,true,true
149,24,5,Meet with Leadership,"Lorem ipsum dolor sit amet, consectetur adipiscing elit, sed do eiusmod tempor incididunt ut labore et dolore magna aliqua. Ut aliquam purus sit amet luctus venenatis lectus magna fringilla. Iaculis nunc sed augue lacus viverra vitae congue eu consequat. ",low,unit,military,2023-06-21T19:55:43.799-06:00,complete,http://disguised-jaw.name,false,false
150,18,1,Update DTS,"Lorem ipsum dolor sit amet, consectetur adipiscing elit, sed do eiusmod tempor incididunt ut labore et dolore magna aliqua. Ut aliquam purus sit amet luctus venenatis lectus magna fringilla. Iaculis nunc sed augue lacus viverra vitae congue eu consequat. ",medium,unit,civilian,2023-11-04T19:31:28.335-06:00,incomplete,http://comfortable-fleck.info,false,true
151,3,2,Update DTS,"Lorem ipsum dolor sit amet, consectetur adipiscing elit, sed do eiusmod tempor incididunt ut labore et dolore magna aliqua. Ut aliquam purus sit amet luctus venenatis lectus magna fringilla. Iaculis nunc sed augue lacus viverra vitae congue eu consequat. ",low,unit,both,2023-09-22T08:10:43.961-06:00,complete,http://squeaky-tune.info,false,false
152,15,3,Meet with Leadership,"Lorem ipsum dolor sit amet, consectetur adipiscing elit, sed do eiusmod tempor incididunt ut labore et dolore magna aliqua. Ut aliquam purus sit amet luctus venenatis lectus magna fringilla. Iaculis nunc sed augue lacus viverra vitae congue eu consequat. ",medium,unit,both,2023-05-21T22:35:29.273-06:00,pending,http://stormy-eyestrain.info,true,false
153,24,1,Register for Network Accounts,"Lorem ipsum dolor sit amet, consectetur adipiscing elit, sed do eiusmod tempor incididunt ut labore et dolore magna aliqua. Ut aliquam purus sit amet luctus venenatis lectus magna fringilla. Iaculis nunc sed augue lacus viverra vitae congue eu consequat. ",low,unit,both,2023-08-06T01:12:46.122-06:00,complete,http://motionless-aggression.biz,true,true
154,24,4,Meet with Leadership,"Lorem ipsum dolor sit amet, consectetur adipiscing elit, sed do eiusmod tempor incididunt ut labore et dolore magna aliqua. Ut aliquam purus sit amet luctus venenatis lectus magna fringilla. Iaculis nunc sed augue lacus viverra vitae congue eu consequat. ",low,unit,civilian,2023-06-30T19:27:38.475-06:00,pending,http://disguised-television.info,true,false
155,8,2,Update SGLI,"Lorem ipsum dolor sit amet, consectetur adipiscing elit, sed do eiusmod tempor incididunt ut labore et dolore magna aliqua. Ut aliquam purus sit amet luctus venenatis lectus magna fringilla. Iaculis nunc sed augue lacus viverra vitae congue eu consequat. ",medium,unit,military,2023-10-18T20:45:18.865-06:00,incomplete,https://sociable-riot.biz,false,false
156,9,6,Cyber Awareness,"Lorem ipsum dolor sit amet, consectetur adipiscing elit, sed do eiusmod tempor incididunt ut labore et dolore magna aliqua. Ut aliquam purus sit amet luctus venenatis lectus magna fringilla. Iaculis nunc sed augue lacus viverra vitae congue eu consequat. ",high,unit,military,2024-03-21T03:57:22.356-06:00,pending,https://weird-fright.com,false,true
157,12,4,Apply for GTC,"Lorem ipsum dolor sit amet, consectetur adipiscing elit, sed do eiusmod tempor incididunt ut labore et dolore magna aliqua. Ut aliquam purus sit amet luctus venenatis lectus magna fringilla. Iaculis nunc sed augue lacus viverra vitae congue eu consequat. ",low,unit,both,2023-06-29T17:40:06.256-06:00,complete,http://polished-border.com,false,false
158,16,1,Update DTS,"Lorem ipsum dolor sit amet, consectetur adipiscing elit, sed do eiusmod tempor incididunt ut labore et dolore magna aliqua. Ut aliquam purus sit amet luctus venenatis lectus magna fringilla. Iaculis nunc sed augue lacus viverra vitae congue eu consequat. ",low,unit,military,2023-11-30T20:52:07.590-07:00,pending,https://neglected-stitch.biz,false,false
159,12,3,Cyber Awareness,"Lorem ipsum dolor sit amet, consectetur adipiscing elit, sed do eiusmod tempor incididunt ut labore et dolore magna aliqua. Ut aliquam purus sit amet luctus venenatis lectus magna fringilla. Iaculis nunc sed augue lacus viverra vitae congue eu consequat. ",medium,unit,both,2024-03-12T10:28:59.450-06:00,incomplete,http://cultivated-interaction.biz,false,true
160,25,4,Cyber Awareness,"Lorem ipsum dolor sit amet, consectetur adipiscing elit, sed do eiusmod tempor incididunt ut labore et dolore magna aliqua. Ut aliquam purus sit amet luctus venenatis lectus magna fringilla. Iaculis nunc sed augue lacus viverra vitae congue eu consequat. ",medium,unit,military,2023-08-27T16:27:13.941-06:00,complete,https://understated-job.org,true,true
161,26,6,Update SGLI,"Lorem ipsum dolor sit amet, consectetur adipiscing elit, sed do eiusmod tempor incididunt ut labore et dolore magna aliqua. Ut aliquam purus sit amet luctus venenatis lectus magna fringilla. Iaculis nunc sed augue lacus viverra vitae congue eu consequat. ",low,unit,civilian,2024-02-17T11:41:54.958-07:00,pending,http://murky-consent.info,true,false
162,12,1,Update SGLI,"Lorem ipsum dolor sit amet, consectetur adipiscing elit, sed do eiusmod tempor incididunt ut labore et dolore magna aliqua. Ut aliquam purus sit amet luctus venenatis lectus magna fringilla. Iaculis nunc sed augue lacus viverra vitae congue eu consequat. ",high,unit,both,2024-01-07T20:23:02.133-07:00,incomplete,http://rotating-ease.name,false,true
163,28,5,Register for Network Accounts,"Lorem ipsum dolor sit amet, consectetur adipiscing elit, sed do eiusmod tempor incididunt ut labore et dolore magna aliqua. Ut aliquam purus sit amet luctus venenatis lectus magna fringilla. Iaculis nunc sed augue lacus viverra vitae congue eu consequat. ",high,unit,military,2023-05-01T20:37:40.832-06:00,incomplete,https://sparse-counter-force.net,true,false
164,18,3,Complete Mandatory Training,"Lorem ipsum dolor sit amet, consectetur adipiscing elit, sed do eiusmod tempor incididunt ut labore et dolore magna aliqua. Ut aliquam purus sit amet luctus venenatis lectus magna fringilla. Iaculis nunc sed augue lacus viverra vitae congue eu consequat. ",low,unit,both,2023-12-27T15:13:49.834-07:00,pending,http://proud-pants.info,false,true
165,24,2,Apply for GTC,"Lorem ipsum dolor sit amet, consectetur adipiscing elit, sed do eiusmod tempor incididunt ut labore et dolore magna aliqua. Ut aliquam purus sit amet luctus venenatis lectus magna fringilla. Iaculis nunc sed augue lacus viverra vitae congue eu consequat. ",low,unit,military,2023-07-21T22:58:22.588-06:00,pending,http://imaginative-formal.com,false,false
166,23,4,Obtain provisions,"Lorem ipsum dolor sit amet, consectetur adipiscing elit, sed do eiusmod tempor incididunt ut labore et dolore magna aliqua. Ut aliquam purus sit amet luctus venenatis lectus magna fringilla. Iaculis nunc sed augue lacus viverra vitae congue eu consequat. ",high,unit,military,2023-09-23T03:49:31.838-06:00,complete,http://outlandish-chemotaxis.com,false,false
167,22,3,Meet with Leadership,"Lorem ipsum dolor sit amet, consectetur adipiscing elit, sed do eiusmod tempor incididunt ut labore et dolore magna aliqua. Ut aliquam purus sit amet luctus venenatis lectus magna fringilla. Iaculis nunc sed augue lacus viverra vitae congue eu consequat. ",low,unit,military,2023-05-08T01:32:06.924-06:00,incomplete,https://downright-goose.info,true,true
168,5,1,Meet with Leadership,"Lorem ipsum dolor sit amet, consectetur adipiscing elit, sed do eiusmod tempor incididunt ut labore et dolore magna aliqua. Ut aliquam purus sit amet luctus venenatis lectus magna fringilla. Iaculis nunc sed augue lacus viverra vitae congue eu consequat. ",high,unit,both,2023-11-29T16:48:52.994-07:00,complete,https://zesty-edger.net,true,false
169,11,5,Apply for GTC,"Lorem ipsum dolor sit amet, consectetur adipiscing elit, sed do eiusmod tempor incididunt ut labore et dolore magna aliqua. Ut aliquam purus sit amet luctus venenatis lectus magna fringilla. Iaculis nunc sed augue lacus viverra vitae congue eu consequat. ",high,unit,military,2024-04-06T05:49:14.810-06:00,complete,https://trim-salami.net,true,false
170,4,1,Update DTS,"Lorem ipsum dolor sit amet, consectetur adipiscing elit, sed do eiusmod tempor incididunt ut labore et dolore magna aliqua. Ut aliquam purus sit amet luctus venenatis lectus magna fringilla. Iaculis nunc sed augue lacus viverra vitae congue eu consequat. ",medium,unit,civilian,2024-03-17T17:22:29.577-06:00,incomplete,http://last-degree.biz,false,true
171,28,4,Update DTS,"Lorem ipsum dolor sit amet, consectetur adipiscing elit, sed do eiusmod tempor incididunt ut labore et dolore magna aliqua. Ut aliquam purus sit amet luctus venenatis lectus magna fringilla. Iaculis nunc sed augue lacus viverra vitae congue eu consequat. ",high,unit,civilian,2024-04-05T14:57:03.472-06:00,incomplete,https://original-fahrenheit.biz,true,true
172,15,2,Apply for GTC,"Lorem ipsum dolor sit amet, consectetur adipiscing elit, sed do eiusmod tempor incididunt ut labore et dolore magna aliqua. Ut aliquam purus sit amet luctus venenatis lectus magna fringilla. Iaculis nunc sed augue lacus viverra vitae congue eu consequat. ",medium,unit,military,2023-06-28T23:25:54.400-06:00,complete,http://yawning-author.biz,true,true
173,15,4,Complete Mandatory Training,"Lorem ipsum dolor sit amet, consectetur adipiscing elit, sed do eiusmod tempor incididunt ut labore et dolore magna aliqua. Ut aliquam purus sit amet luctus venenatis lectus magna fringilla. Iaculis nunc sed augue lacus viverra vitae congue eu consequat. ",low,unit,both,2023-08-16T08:40:14.090-06:00,incomplete,http://pushy-recruit.org,false,false
174,5,6,Register for Network Accounts,"Lorem ipsum dolor sit amet, consectetur adipiscing elit, sed do eiusmod tempor incididunt ut labore et dolore magna aliqua. Ut aliquam purus sit amet luctus venenatis lectus magna fringilla. Iaculis nunc sed augue lacus viverra vitae congue eu consequat. ",medium,unit,military,2023-07-04T21:08:17.659-06:00,complete,http://calm-faucet.net,true,false
175,16,6,Cyber Awareness,"Lorem ipsum dolor sit amet, consectetur adipiscing elit, sed do eiusmod tempor incididunt ut labore et dolore magna aliqua. Ut aliquam purus sit amet luctus venenatis lectus magna fringilla. Iaculis nunc sed augue lacus viverra vitae congue eu consequat. ",high,unit,civilian,2023-05-24T18:06:41.705-06:00,complete,https://plain-gastronomy.net,false,true
176,13,1,Register for Network Accounts,"Lorem ipsum dolor sit amet, consectetur adipiscing elit, sed do eiusmod tempor incididunt ut labore et dolore magna aliqua. Ut aliquam purus sit amet luctus venenatis lectus magna fringilla. Iaculis nunc sed augue lacus viverra vitae congue eu consequat. ",high,unit,civilian,2023-04-29T11:51:42.698-06:00,complete,https://itchy-reply.com,false,false
177,30,6,Update SGLI,"Lorem ipsum dolor sit amet, consectetur adipiscing elit, sed do eiusmod tempor incididunt ut labore et dolore magna aliqua. Ut aliquam purus sit amet luctus venenatis lectus magna fringilla. Iaculis nunc sed augue lacus viverra vitae congue eu consequat. ",low,unit,civilian,2023-05-05T20:12:48.002-06:00,complete,http://worried-airplane.com,true,true
178,2,5,Update DTS,"Lorem ipsum dolor sit amet, consectetur adipiscing elit, sed do eiusmod tempor incididunt ut labore et dolore magna aliqua. Ut aliquam purus sit amet luctus venenatis lectus magna fringilla. Iaculis nunc sed augue lacus viverra vitae congue eu consequat. ",high,unit,both,2023-12-17T12:23:42.208-07:00,pending,https://grounded-tortilla.com,true,true
179,17,3,Register for Network Accounts,"Lorem ipsum dolor sit amet, consectetur adipiscing elit, sed do eiusmod tempor incididunt ut labore et dolore magna aliqua. Ut aliquam purus sit amet luctus venenatis lectus magna fringilla. Iaculis nunc sed augue lacus viverra vitae congue eu consequat. ",low,unit,military,2023-12-03T22:33:14.207-07:00,incomplete,https://cute-supervisor.org,false,false
180,2,3,Update SGLI,"Lorem ipsum dolor sit amet, consectetur adipiscing elit, sed do eiusmod tempor incididunt ut labore et dolore magna aliqua. Ut aliquam purus sit amet luctus venenatis lectus magna fringilla. Iaculis nunc sed augue lacus viverra vitae congue eu consequat. ",low,unit,both,2023-05-26T07:58:17.710-06:00,pending,https://only-smolt.net,true,false
181,23,2,Cyber Awareness,"Lorem ipsum dolor sit amet, consectetur adipiscing elit, sed do eiusmod tempor incididunt ut labore et dolore magna aliqua. Ut aliquam purus sit amet luctus venenatis lectus magna fringilla. Iaculis nunc sed augue lacus viverra vitae congue eu consequat. ",low,unit,military,2023-11-29T08:15:43.756-07:00,pending,http://buttery-oven.info,true,true
182,23,5,Register for Network Accounts,"Lorem ipsum dolor sit amet, consectetur adipiscing elit, sed do eiusmod tempor incididunt ut labore et dolore magna aliqua. Ut aliquam purus sit amet luctus venenatis lectus magna fringilla. Iaculis nunc sed augue lacus viverra vitae congue eu consequat. ",low,unit,military,2023-10-07T17:19:26.408-06:00,incomplete,https://frizzy-yin.org,false,false
183,16,3,Meet with Leadership,"Lorem ipsum dolor sit amet, consectetur adipiscing elit, sed do eiusmod tempor incididunt ut labore et dolore magna aliqua. Ut aliquam purus sit amet luctus venenatis lectus magna fringilla. Iaculis nunc sed augue lacus viverra vitae congue eu consequat. ",low,unit,civilian,2023-04-29T04:53:12.377-06:00,incomplete,https://satisfied-apology.com,true,false
184,19,4,Update SGLI,"Lorem ipsum dolor sit amet, consectetur adipiscing elit, sed do eiusmod tempor incididunt ut labore et dolore magna aliqua. Ut aliquam purus sit amet luctus venenatis lectus magna fringilla. Iaculis nunc sed augue lacus viverra vitae congue eu consequat. ",low,unit,both,2023-06-26T16:21:19.970-06:00,pending,http://decisive-craw.com,false,true
185,24,3,Update SGLI,"Lorem ipsum dolor sit amet, consectetur adipiscing elit, sed do eiusmod tempor incididunt ut labore et dolore magna aliqua. Ut aliquam purus sit amet luctus venenatis lectus magna fringilla. Iaculis nunc sed augue lacus viverra vitae congue eu consequat. ",medium,unit,both,2023-07-17T14:25:18.999-06:00,pending,https://awful-grasshopper.info,true,true
186,27,3,Register for Network Accounts,"Lorem ipsum dolor sit amet, consectetur adipiscing elit, sed do eiusmod tempor incididunt ut labore et dolore magna aliqua. Ut aliquam purus sit amet luctus venenatis lectus magna fringilla. Iaculis nunc sed augue lacus viverra vitae congue eu consequat. ",low,unit,military,2023-06-23T12:06:15.879-06:00,complete,https://spiffy-stacking.info,true,true
187,28,3,Complete Mandatory Training,"Lorem ipsum dolor sit amet, consectetur adipiscing elit, sed do eiusmod tempor incididunt ut labore et dolore magna aliqua. Ut aliquam purus sit amet luctus venenatis lectus magna fringilla. Iaculis nunc sed augue lacus viverra vitae congue eu consequat. ",medium,unit,both,2023-10-28T19:25:29.567-06:00,incomplete,http://handmade-descent.com,false,false
188,3,3,Update SGLI,"Lorem ipsum dolor sit amet, consectetur adipiscing elit, sed do eiusmod tempor incididunt ut labore et dolore magna aliqua. Ut aliquam purus sit amet luctus venenatis lectus magna fringilla. Iaculis nunc sed augue lacus viverra vitae congue eu consequat. ",low,unit,both,2023-06-20T10:41:56.843-06:00,pending,http://uncomfortable-hard-hat.net,true,true
189,29,5,Update DTS,"Lorem ipsum dolor sit amet, consectetur adipiscing elit, sed do eiusmod tempor incididunt ut labore et dolore magna aliqua. Ut aliquam purus sit amet luctus venenatis lectus magna fringilla. Iaculis nunc sed augue lacus viverra vitae congue eu consequat. ",medium,unit,civilian,2024-04-17T02:30:13.607-06:00,pending,http://grotesque-strobe.com,true,false
190,11,2,Apply for GTC,"Lorem ipsum dolor sit amet, consectetur adipiscing elit, sed do eiusmod tempor incididunt ut labore et dolore magna aliqua. Ut aliquam purus sit amet luctus venenatis lectus magna fringilla. Iaculis nunc sed augue lacus viverra vitae congue eu consequat. ",high,unit,both,2023-12-04T21:06:18.597-07:00,complete,http://absolute-tussle.info,true,true
191,21,5,Complete Mandatory Training,"Lorem ipsum dolor sit amet, consectetur adipiscing elit, sed do eiusmod tempor incididunt ut labore et dolore magna aliqua. Ut aliquam purus sit amet luctus venenatis lectus magna fringilla. Iaculis nunc sed augue lacus viverra vitae congue eu consequat. ",high,unit,both,2024-01-19T11:40:50.819-07:00,incomplete,http://foolish-claw.biz,false,false
192,17,5,Obtain provisions,"Lorem ipsum dolor sit amet, consectetur adipiscing elit, sed do eiusmod tempor incididunt ut labore et dolore magna aliqua. Ut aliquam purus sit amet luctus venenatis lectus magna fringilla. Iaculis nunc sed augue lacus viverra vitae congue eu consequat. ",low,unit,civilian,2024-03-11T11:43:45.343-06:00,pending,http://heartfelt-decline.name,false,true
193,16,2,Set Work hours,"Lorem ipsum dolor sit amet, consectetur adipiscing elit, sed do eiusmod tempor incididunt ut labore et dolore magna aliqua. Ut aliquam purus sit amet luctus venenatis lectus magna fringilla. Iaculis nunc sed augue lacus viverra vitae congue eu consequat. ",low,job,both,2023-05-11T07:35:47.959-06:00,complete,http://robust-methane.com,true,false
194,4,1,Complete TW Agreement,"Lorem ipsum dolor sit amet, consectetur adipiscing elit, sed do eiusmod tempor incididunt ut labore et dolore magna aliqua. Ut aliquam purus sit amet luctus venenatis lectus magna fringilla. Iaculis nunc sed augue lacus viverra vitae congue eu consequat. ",medium,job,both,2023-09-24T13:57:17.202-06:00,pending,http://pink-solution.info,true,true
195,9,5,Complete TW Agreement,"Lorem ipsum dolor sit amet, consectetur adipiscing elit, sed do eiusmod tempor incididunt ut labore et dolore magna aliqua. Ut aliquam purus sit amet luctus venenatis lectus magna fringilla. Iaculis nunc sed augue lacus viverra vitae congue eu consequat. ",medium,job,both,2023-05-20T12:31:34.545-06:00,incomplete,https://far-flung-temp.biz,true,true
196,3,3,Set Work hours,"Lorem ipsum dolor sit amet, consectetur adipiscing elit, sed do eiusmod tempor incididunt ut labore et dolore magna aliqua. Ut aliquam purus sit amet luctus venenatis lectus magna fringilla. Iaculis nunc sed augue lacus viverra vitae congue eu consequat. ",high,job,military,2023-05-06T03:37:59.924-06:00,incomplete,https://ragged-knitting.org,false,false
197,24,2,Obtain Security Badge,"Lorem ipsum dolor sit amet, consectetur adipiscing elit, sed do eiusmod tempor incididunt ut labore et dolore magna aliqua. Ut aliquam purus sit amet luctus venenatis lectus magna fringilla. Iaculis nunc sed augue lacus viverra vitae congue eu consequat. ",low,job,military,2023-11-16T06:42:45.071-07:00,pending,http://oddball-interface.biz,true,true
198,24,5,Onboarding Training,"Lorem ipsum dolor sit amet, consectetur adipiscing elit, sed do eiusmod tempor incididunt ut labore et dolore magna aliqua. Ut aliquam purus sit amet luctus venenatis lectus magna fringilla. Iaculis nunc sed augue lacus viverra vitae congue eu consequat. ",medium,job,military,2024-02-05T05:07:13.736-07:00,pending,http://svelte-eyelashes.net,false,true
199,28,3,Onboarding Training,"Lorem ipsum dolor sit amet, consectetur adipiscing elit, sed do eiusmod tempor incididunt ut labore et dolore magna aliqua. Ut aliquam purus sit amet luctus venenatis lectus magna fringilla. Iaculis nunc sed augue lacus viverra vitae congue eu consequat. ",low,job,civilian,2024-03-14T13:07:52.124-06:00,incomplete,http://proper-combination.biz,true,false
200,2,4,Set Work hours,"Lorem ipsum dolor sit amet, consectetur adipiscing elit, sed do eiusmod tempor incididunt ut labore et dolore magna aliqua. Ut aliquam purus sit amet luctus venenatis lectus magna fringilla. Iaculis nunc sed augue lacus viverra vitae congue eu consequat. ",high,job,military,2024-02-05T05:14:12.174-07:00,pending,http://good-natured-jellybeans.biz,false,true
201,4,6,Set Work hours,"Lorem ipsum dolor sit amet, consectetur adipiscing elit, sed do eiusmod tempor incididunt ut labore et dolore magna aliqua. Ut aliquam purus sit amet luctus venenatis lectus magna fringilla. Iaculis nunc sed augue lacus viverra vitae congue eu consequat. ",medium,job,military,2023-12-05T21:36:14.356-07:00,complete,https://nifty-athletics.info,true,false
202,20,6,Complete TW Agreement,"Lorem ipsum dolor sit amet, consectetur adipiscing elit, sed do eiusmod tempor incididunt ut labore et dolore magna aliqua. Ut aliquam purus sit amet luctus venenatis lectus magna fringilla. Iaculis nunc sed augue lacus viverra vitae congue eu consequat. ",high,job,both,2024-03-20T14:08:49.489-06:00,incomplete,http://quiet-constraint.net,false,true
203,3,1,Onboarding Training,"Lorem ipsum dolor sit amet, consectetur adipiscing elit, sed do eiusmod tempor incididunt ut labore et dolore magna aliqua. Ut aliquam purus sit amet luctus venenatis lectus magna fringilla. Iaculis nunc sed augue lacus viverra vitae congue eu consequat. ",low,job,both,2024-01-10T10:49:45.729-07:00,complete,http://healthy-mesenchyme.com,false,true
204,27,1,Complete TW Agreement,"Lorem ipsum dolor sit amet, consectetur adipiscing elit, sed do eiusmod tempor incididunt ut labore et dolore magna aliqua. Ut aliquam purus sit amet luctus venenatis lectus magna fringilla. Iaculis nunc sed augue lacus viverra vitae congue eu consequat. ",medium,job,both,2023-07-30T11:12:38.117-06:00,pending,http://spotless-witness.net,false,false
205,15,2,Complete TW Agreement,"Lorem ipsum dolor sit amet, consectetur adipiscing elit, sed do eiusmod tempor incididunt ut labore et dolore magna aliqua. Ut aliquam purus sit amet luctus venenatis lectus magna fringilla. Iaculis nunc sed augue lacus viverra vitae congue eu consequat. ",high,job,civilian,2023-10-08T11:10:05.258-06:00,incomplete,http://yearly-ephemeris.biz,true,true
206,25,1,Onboarding Training,"Lorem ipsum dolor sit amet, consectetur adipiscing elit, sed do eiusmod tempor incididunt ut labore et dolore magna aliqua. Ut aliquam purus sit amet luctus venenatis lectus magna fringilla. Iaculis nunc sed augue lacus viverra vitae congue eu consequat. ",medium,job,both,2024-04-06T12:21:08.503-06:00,pending,http://quirky-retention.biz,false,false
207,2,4,Onboarding Training,"Lorem ipsum dolor sit amet, consectetur adipiscing elit, sed do eiusmod tempor incididunt ut labore et dolore magna aliqua. Ut aliquam purus sit amet luctus venenatis lectus magna fringilla. Iaculis nunc sed augue lacus viverra vitae congue eu consequat. ",low,job,both,2023-11-11T07:27:26.256-07:00,pending,https://actual-waist.org,false,true
208,25,3,Set Work hours,"Lorem ipsum dolor sit amet, consectetur adipiscing elit, sed do eiusmod tempor incididunt ut labore et dolore magna aliqua. Ut aliquam purus sit amet luctus venenatis lectus magna fringilla. Iaculis nunc sed augue lacus viverra vitae congue eu consequat. ",low,job,civilian,2023-11-03T09:10:12.899-06:00,pending,http://forthright-prosecution.biz,false,false
209,7,3,Complete TW Agreement,"Lorem ipsum dolor sit amet, consectetur adipiscing elit, sed do eiusmod tempor incididunt ut labore et dolore magna aliqua. Ut aliquam purus sit amet luctus venenatis lectus magna fringilla. Iaculis nunc sed augue lacus viverra vitae congue eu consequat. ",low,job,military,2024-03-14T23:32:42.538-06:00,incomplete,http://dark-puffin.com,false,false
210,8,4,Set Work hours,"Lorem ipsum dolor sit amet, consectetur adipiscing elit, sed do eiusmod tempor incididunt ut labore et dolore magna aliqua. Ut aliquam purus sit amet luctus venenatis lectus magna fringilla. Iaculis nunc sed augue lacus viverra vitae congue eu consequat. ",low,job,civilian,2023-07-17T21:58:45.052-06:00,complete,https://costly-pronoun.name,false,true
211,2,5,Complete TW Agreement,"Lorem ipsum dolor sit amet, consectetur adipiscing elit, sed do eiusmod tempor incididunt ut labore et dolore magna aliqua. Ut aliquam purus sit amet luctus venenatis lectus magna fringilla. Iaculis nunc sed augue lacus viverra vitae congue eu consequat. ",high,job,civilian,2024-03-01T01:37:53.470-07:00,incomplete,http://calm-bump.org,false,false
212,17,1,Complete TW Agreement,"Lorem ipsum dolor sit amet, consectetur adipiscing elit, sed do eiusmod tempor incididunt ut labore et dolore magna aliqua. Ut aliquam purus sit amet luctus venenatis lectus magna fringilla. Iaculis nunc sed augue lacus viverra vitae congue eu consequat. ",medium,job,military,2023-05-15T19:31:56.109-06:00,complete,http://severe-posterior.info,true,true
213,8,2,Set Work hours,"Lorem ipsum dolor sit amet, consectetur adipiscing elit, sed do eiusmod tempor incididunt ut labore et dolore magna aliqua. Ut aliquam purus sit amet luctus venenatis lectus magna fringilla. Iaculis nunc sed augue lacus viverra vitae congue eu consequat. ",medium,job,military,2023-09-29T16:07:30.845-06:00,pending,http://glossy-appendix.info,false,false
214,29,4,Complete TW Agreement,"Lorem ipsum dolor sit amet, consectetur adipiscing elit, sed do eiusmod tempor incididunt ut labore et dolore magna aliqua. Ut aliquam purus sit amet luctus venenatis lectus magna fringilla. Iaculis nunc sed augue lacus viverra vitae congue eu consequat. ",high,job,military,2024-01-16T15:37:10.975-07:00,incomplete,http://precious-blend.org,true,true
215,20,1,Obtain Security Badge,"Lorem ipsum dolor sit amet, consectetur adipiscing elit, sed do eiusmod tempor incididunt ut labore et dolore magna aliqua. Ut aliquam purus sit amet luctus venenatis lectus magna fringilla. Iaculis nunc sed augue lacus viverra vitae congue eu consequat. ",low,job,military,2024-02-25T13:41:21.369-07:00,pending,http://adolescent-plier.org,true,false
216,11,6,Complete TW Agreement,"Lorem ipsum dolor sit amet, consectetur adipiscing elit, sed do eiusmod tempor incididunt ut labore et dolore magna aliqua. Ut aliquam purus sit amet luctus venenatis lectus magna fringilla. Iaculis nunc sed augue lacus viverra vitae congue eu consequat. ",low,job,both,2023-08-01T03:04:43.888-06:00,pending,http://kooky-endorsement.info,true,false
217,13,6,Set Work hours,"Lorem ipsum dolor sit amet, consectetur adipiscing elit, sed do eiusmod tempor incididunt ut labore et dolore magna aliqua. Ut aliquam purus sit amet luctus venenatis lectus magna fringilla. Iaculis nunc sed augue lacus viverra vitae congue eu consequat. ",low,job,both,2024-02-20T16:09:11.462-07:00,complete,https://creepy-dryer.net,false,true
218,29,6,Obtain Security Badge,"Lorem ipsum dolor sit amet, consectetur adipiscing elit, sed do eiusmod tempor incididunt ut labore et dolore magna aliqua. Ut aliquam purus sit amet luctus venenatis lectus magna fringilla. Iaculis nunc sed augue lacus viverra vitae congue eu consequat. ",medium,job,both,2023-12-04T16:29:42.438-07:00,complete,http://variable-politics.net,false,false
219,27,2,Set Work hours,"Lorem ipsum dolor sit amet, consectetur adipiscing elit, sed do eiusmod tempor incididunt ut labore et dolore magna aliqua. Ut aliquam purus sit amet luctus venenatis lectus magna fringilla. Iaculis nunc sed augue lacus viverra vitae congue eu consequat. ",high,job,military,2023-05-19T16:52:33.696-06:00,complete,http://rich-snarl.biz,false,false
220,26,5,Complete TW Agreement,"Lorem ipsum dolor sit amet, consectetur adipiscing elit, sed do eiusmod tempor incididunt ut labore et dolore magna aliqua. Ut aliquam purus sit amet luctus venenatis lectus magna fringilla. Iaculis nunc sed augue lacus viverra vitae congue eu consequat. ",high,job,both,2023-05-27T23:21:22.726-06:00,incomplete,https://wicked-haste.com,true,false
221,27,3,Set Work hours,"Lorem ipsum dolor sit amet, consectetur adipiscing elit, sed do eiusmod tempor incididunt ut labore et dolore magna aliqua. Ut aliquam purus sit amet luctus venenatis lectus magna fringilla. Iaculis nunc sed augue lacus viverra vitae congue eu consequat. ",medium,job,military,2023-07-24T03:50:08.711-06:00,pending,https://gleeful-hassock.info,true,false
222,6,3,Obtain Security Badge,"Lorem ipsum dolor sit amet, consectetur adipiscing elit, sed do eiusmod tempor incididunt ut labore et dolore magna aliqua. Ut aliquam purus sit amet luctus venenatis lectus magna fringilla. Iaculis nunc sed augue lacus viverra vitae congue eu consequat. ",medium,job,both,2023-06-18T04:08:12.934-06:00,complete,https://keen-politics.net,false,false
223,19,6,Obtain Security Badge,"Lorem ipsum dolor sit amet, consectetur adipiscing elit, sed do eiusmod tempor incididunt ut labore et dolore magna aliqua. Ut aliquam purus sit amet luctus venenatis lectus magna fringilla. Iaculis nunc sed augue lacus viverra vitae congue eu consequat. ",low,job,military,2023-06-23T06:41:30.515-06:00,complete,https://splendid-basin.org,true,false
225,2,5,Onboarding Training,"Lorem ipsum dolor sit amet, consectetur adipiscing elit, sed do eiusmod tempor incididunt ut labore et dolore magna aliqua. Ut aliquam purus sit amet luctus venenatis lectus magna fringilla. Iaculis nunc sed augue lacus viverra vitae congue eu consequat. ",medium,job,civilian,2023-09-07T19:08:45.204-06:00,complete,http://hard-to-find-girdle.org,false,false
226,11,1,Obtain Security Badge,"Lorem ipsum dolor sit amet, consectetur adipiscing elit, sed do eiusmod tempor incididunt ut labore et dolore magna aliqua. Ut aliquam purus sit amet luctus venenatis lectus magna fringilla. Iaculis nunc sed augue lacus viverra vitae congue eu consequat. ",low,job,both,2024-02-07T18:39:22.381-07:00,pending,https://zigzag-coupon.info,true,true
227,10,3,Complete TW Agreement,"Lorem ipsum dolor sit amet, consectetur adipiscing elit, sed do eiusmod tempor incididunt ut labore et dolore magna aliqua. Ut aliquam purus sit amet luctus venenatis lectus magna fringilla. Iaculis nunc sed augue lacus viverra vitae congue eu consequat. ",high,job,military,2024-03-02T07:32:59.705-07:00,complete,http://illiterate-underweight.name,false,true
228,22,1,Obtain Security Badge,"Lorem ipsum dolor sit amet, consectetur adipiscing elit, sed do eiusmod tempor incididunt ut labore et dolore magna aliqua. Ut aliquam purus sit amet luctus venenatis lectus magna fringilla. Iaculis nunc sed augue lacus viverra vitae congue eu consequat. ",high,job,military,2023-12-19T05:14:31.448-07:00,complete,http://glum-plumber.com,false,false
229,11,3,Set Work hours,"Lorem ipsum dolor sit amet, consectetur adipiscing elit, sed do eiusmod tempor incididunt ut labore et dolore magna aliqua. Ut aliquam purus sit amet luctus venenatis lectus magna fringilla. Iaculis nunc sed augue lacus viverra vitae congue eu consequat. ",low,job,military,2023-06-05T15:15:56.909-06:00,pending,http://next-shampoo.info,false,false
230,24,4,Complete TW Agreement,"Lorem ipsum dolor sit amet, consectetur adipiscing elit, sed do eiusmod tempor incididunt ut labore et dolore magna aliqua. Ut aliquam purus sit amet luctus venenatis lectus magna fringilla. Iaculis nunc sed augue lacus viverra vitae congue eu consequat. ",high,job,military,2023-10-14T19:20:16.767-06:00,complete,http://monumental-airfield.net,false,false
231,19,3,Complete TW Agreement,"Lorem ipsum dolor sit amet, consectetur adipiscing elit, sed do eiusmod tempor incididunt ut labore et dolore magna aliqua. Ut aliquam purus sit amet luctus venenatis lectus magna fringilla. Iaculis nunc sed augue lacus viverra vitae congue eu consequat. ",low,job,military,2023-12-15T03:23:25.629-07:00,complete,https://happy-go-lucky-transfer.name,false,true
232,5,5,Complete TW Agreement,"Lorem ipsum dolor sit amet, consectetur adipiscing elit, sed do eiusmod tempor incididunt ut labore et dolore magna aliqua. Ut aliquam purus sit amet luctus venenatis lectus magna fringilla. Iaculis nunc sed augue lacus viverra vitae congue eu consequat. ",low,job,civilian,2023-09-05T05:41:09.997-06:00,pending,http://funny-complaint.biz,false,true
233,15,1,Onboarding Training,"Lorem ipsum dolor sit amet, consectetur adipiscing elit, sed do eiusmod tempor incididunt ut labore et dolore magna aliqua. Ut aliquam purus sit amet luctus venenatis lectus magna fringilla. Iaculis nunc sed augue lacus viverra vitae congue eu consequat. ",medium,job,both,2024-03-18T20:15:05.564-06:00,complete,http://bold-clue.net,true,true
234,1,6,Complete TW Agreement,"Lorem ipsum dolor sit amet, consectetur adipiscing elit, sed do eiusmod tempor incididunt ut labore et dolore magna aliqua. Ut aliquam purus sit amet luctus venenatis lectus magna fringilla. Iaculis nunc sed augue lacus viverra vitae congue eu consequat. ",low,job,military,2023-06-22T18:33:29.865-06:00,complete,https://decent-nature.com,true,true
235,1,6,Complete TW Agreement,"Lorem ipsum dolor sit amet, consectetur adipiscing elit, sed do eiusmod tempor incididunt ut labore et dolore magna aliqua. Ut aliquam purus sit amet luctus venenatis lectus magna fringilla. Iaculis nunc sed augue lacus viverra vitae congue eu consequat. ",medium,job,both,2023-04-26T21:17:20.040-06:00,complete,https://cooked-exam.name,false,true
236,7,1,Onboarding Training,"Lorem ipsum dolor sit amet, consectetur adipiscing elit, sed do eiusmod tempor incididunt ut labore et dolore magna aliqua. Ut aliquam purus sit amet luctus venenatis lectus magna fringilla. Iaculis nunc sed augue lacus viverra vitae congue eu consequat. ",medium,job,military,2024-01-12T23:30:31.780-07:00,complete,https://winding-neighbor.org,false,true
237,10,4,Complete TW Agreement,"Lorem ipsum dolor sit amet, consectetur adipiscing elit, sed do eiusmod tempor incididunt ut labore et dolore magna aliqua. Ut aliquam purus sit amet luctus venenatis lectus magna fringilla. Iaculis nunc sed augue lacus viverra vitae congue eu consequat. ",high,job,military,2024-02-05T14:23:11.905-07:00,complete,http://sweltering-limo.biz,false,false
238,21,2,Obtain Security Badge,"Lorem ipsum dolor sit amet, consectetur adipiscing elit, sed do eiusmod tempor incididunt ut labore et dolore magna aliqua. Ut aliquam purus sit amet luctus venenatis lectus magna fringilla. Iaculis nunc sed augue lacus viverra vitae congue eu consequat. ",high,job,both,2024-03-22T19:55:10.754-06:00,complete,http://concrete-processor.com,true,true
239,20,3,Obtain Security Badge,"Lorem ipsum dolor sit amet, consectetur adipiscing elit, sed do eiusmod tempor incididunt ut labore et dolore magna aliqua. Ut aliquam purus sit amet luctus venenatis lectus magna fringilla. Iaculis nunc sed augue lacus viverra vitae congue eu consequat. ",high,job,civilian,2023-05-02T02:06:51.337-06:00,complete,https://every-granola.info,true,true
240,24,4,Complete TW Agreement,"Lorem ipsum dolor sit amet, consectetur adipiscing elit, sed do eiusmod tempor incididunt ut labore et dolore magna aliqua. Ut aliquam purus sit amet luctus venenatis lectus magna fringilla. Iaculis nunc sed augue lacus viverra vitae congue eu consequat. ",medium,job,military,2024-02-21T00:06:43.108-07:00,complete,https://gargantuan-waiting.biz,true,false
241,18,4,Set Work hours,"Lorem ipsum dolor sit amet, consectetur adipiscing elit, sed do eiusmod tempor incididunt ut labore et dolore magna aliqua. Ut aliquam purus sit amet luctus venenatis lectus magna fringilla. Iaculis nunc sed augue lacus viverra vitae congue eu consequat. ",high,job,both,2023-07-20T20:15:08.954-06:00,complete,http://terrible-endorsement.net,false,false
242,21,6,Obtain Security Badge,"Lorem ipsum dolor sit amet, consectetur adipiscing elit, sed do eiusmod tempor incididunt ut labore et dolore magna aliqua. Ut aliquam purus sit amet luctus venenatis lectus magna fringilla. Iaculis nunc sed augue lacus viverra vitae congue eu consequat. ",high,job,military,2023-07-25T15:11:34.185-06:00,pending,http://mountainous-kilogram.name,false,false
243,4,3,Complete TW Agreement,"Lorem ipsum dolor sit amet, consectetur adipiscing elit, sed do eiusmod tempor incididunt ut labore et dolore magna aliqua. Ut aliquam purus sit amet luctus venenatis lectus magna fringilla. Iaculis nunc sed augue lacus viverra vitae congue eu consequat. ",medium,job,both,2023-11-14T16:11:38.958-07:00,complete,https://joint-manservant.com,false,true
244,5,5,Obtain Security Badge,"Lorem ipsum dolor sit amet, consectetur adipiscing elit, sed do eiusmod tempor incididunt ut labore et dolore magna aliqua. Ut aliquam purus sit amet luctus venenatis lectus magna fringilla. Iaculis nunc sed augue lacus viverra vitae congue eu consequat. ",high,job,military,2023-12-30T11:41:25.412-07:00,incomplete,http://terrific-analog.com,false,false
245,10,3,Complete TW Agreement,"Lorem ipsum dolor sit amet, consectetur adipiscing elit, sed do eiusmod tempor incididunt ut labore et dolore magna aliqua. Ut aliquam purus sit amet luctus venenatis lectus magna fringilla. Iaculis nunc sed augue lacus viverra vitae congue eu consequat. ",high,job,both,2023-09-15T04:02:06.869-06:00,complete,http://worse-game.info,true,false
246,6,4,Onboarding Training,"Lorem ipsum dolor sit amet, consectetur adipiscing elit, sed do eiusmod tempor incididunt ut labore et dolore magna aliqua. Ut aliquam purus sit amet luctus venenatis lectus magna fringilla. Iaculis nunc sed augue lacus viverra vitae congue eu consequat. ",high,job,civilian,2023-10-30T23:13:06.484-06:00,incomplete,https://cheerful-photo.com,true,true
247,15,3,Complete TW Agreement,"Lorem ipsum dolor sit amet, consectetur adipiscing elit, sed do eiusmod tempor incididunt ut labore et dolore magna aliqua. Ut aliquam purus sit amet luctus venenatis lectus magna fringilla. Iaculis nunc sed augue lacus viverra vitae congue eu consequat. ",high,job,civilian,2023-12-26T12:21:40.399-07:00,pending,https://unconscious-bat.name,true,true
248,28,6,Complete TW Agreement,"Lorem ipsum dolor sit amet, consectetur adipiscing elit, sed do eiusmod tempor incididunt ut labore et dolore magna aliqua. Ut aliquam purus sit amet luctus venenatis lectus magna fringilla. Iaculis nunc sed augue lacus viverra vitae congue eu consequat. ",high,job,both,2024-04-11T04:51:24.229-06:00,complete,https://caring-climb.biz,true,true
249,27,1,Complete TW Agreement,"Lorem ipsum dolor sit amet, consectetur adipiscing elit, sed do eiusmod tempor incididunt ut labore et dolore magna aliqua. Ut aliquam purus sit amet luctus venenatis lectus magna fringilla. Iaculis nunc sed augue lacus viverra vitae congue eu consequat. ",medium,job,both,2024-03-11T04:45:06.667-06:00,complete,http://husky-step-brother.net,true,false
250,7,4,Obtain Security Badge,"Lorem ipsum dolor sit amet, consectetur adipiscing elit, sed do eiusmod tempor incididunt ut labore et dolore magna aliqua. Ut aliquam purus sit amet luctus venenatis lectus magna fringilla. Iaculis nunc sed augue lacus viverra vitae congue eu consequat. ",high,job,military,2023-05-31T18:52:31.310-06:00,incomplete,http://svelte-topic.biz,false,true
251,3,3,Obtain Security Badge,"Lorem ipsum dolor sit amet, consectetur adipiscing elit, sed do eiusmod tempor incididunt ut labore et dolore magna aliqua. Ut aliquam purus sit amet luctus venenatis lectus magna fringilla. Iaculis nunc sed augue lacus viverra vitae congue eu consequat. ",low,job,both,2023-10-01T14:33:58.972-06:00,incomplete,https://dramatic-dog.com,true,false
252,28,3,Complete TW Agreement,"Lorem ipsum dolor sit amet, consectetur adipiscing elit, sed do eiusmod tempor incididunt ut labore et dolore magna aliqua. Ut aliquam purus sit amet luctus venenatis lectus magna fringilla. Iaculis nunc sed augue lacus viverra vitae congue eu consequat. ",low,job,military,2023-08-10T13:11:40.854-06:00,pending,https://simplistic-vise.org,true,false
253,28,1,Complete TW Agreement,"Lorem ipsum dolor sit amet, consectetur adipiscing elit, sed do eiusmod tempor incididunt ut labore et dolore magna aliqua. Ut aliquam purus sit amet luctus venenatis lectus magna fringilla. Iaculis nunc sed augue lacus viverra vitae congue eu consequat. ",medium,job,both,2023-11-14T10:24:02.652-07:00,incomplete,https://famous-architect.biz,true,false
254,2,10,Emmanuel ,ITS MNE,high,unit,both,2023-04-27,incomplete,,false,false
255,2,3,Martial Arts Training,Kungfu,low,installation,military,2023-04-22,incomplete,,false,false
256,2,9,Please Just Work,Help me,high,installation,civilian,2023-04-21,incomplete,,false,false
260,1,1,WHYYYYYYYYYYYYYYYYYYYY,Help,low,personal,military,2023-04-22,complete,,false,false
5,1,4,Register Personal Weapons,"Lorem ipsum dolor sit amet, consectetur adipiscing elit, sed do eiusmod tempor incididunt ut labore et dolore magna aliqua. Ut aliquam purus sit amet luctus venenatis lectus magna fringilla. Iaculis nunc sed augue lacus viverra vitae congue eu consequat. ",high,installation,civilian,2023-11-01T01:56:20.931-06:00,complete,http://fine-observation.org,false,false
85,1,5,Register Personal Weapons,"Lorem ipsum dolor sit amet, consectetur adipiscing elit, sed do eiusmod tempor incididunt ut labore et dolore magna aliqua. Ut aliquam purus sit amet luctus venenatis lectus magna fringilla. Iaculis nunc sed augue lacus viverra vitae congue eu consequat. ",low,installation,both,2024-01-14T10:53:18.130-07:00,complete,https://humiliating-rooster.net,false,false
224,1,6,Obtain Security Badge,"Lorem ipsum dolor sit amet, consectetur adipiscing elit, sed do eiusmod tempor incididunt ut labore et dolore magna aliqua. Ut aliquam purus sit amet luctus venenatis lectus magna fringilla. Iaculis nunc sed augue lacus viverra vitae congue eu consequat. ",medium,job,military,2023-09-29T08:38:06.399-06:00,complete,https://extra-large-usage.com,false,false
257,1,9,Dragon King,The last,medium,installation,civilian,2023-04-22,complete,,false,false
258,1,7,Portal 2,This is not a portal!,medium,personal,civilian,2023-04-23,complete,,false,false
68,1,5,Education Center,"Lorem ipsum dolor sit amet, consectetur adipiscing elit, sed do eiusmod tempor incididunt ut labore et dolore magna aliqua. Ut aliquam purus sit amet luctus venenatis lectus magna fringilla. Iaculis nunc sed augue lacus viverra vitae congue eu consequat. ",medium,installation,both,2023-07-02T03:26:42.774-06:00,pending,https://rash-power.info,false,false
261,1,1,JUST WORK ALREADY,PLEASE WORK,medium,installation,military,2023-04-23,pending,,false,false
259,1,1,Really?????,Help,medium,personal,military,2023-04-06,complete,,false,false
264,1,1,THIS IS MY FAVORITE TASK!,THANKS!,high,job,military,2023-04-21,pending,,false,false
262,,1,OH PLEASE PLASE PLEAPLPLDAPLDPAWL,ASFHAEOIFHBAEOIHFBOIAE,high,installation,military,2023-04-23,incomplete,,false,false
265,1,1,Jokes on you,task,high,unit,military,2023-04-29,incomplete,,false,false
27,22,6,Turn In Medical Records,"Lorem ipsum dolor sit amet, consectetur adipiscing elit, sed do eiusmod tempor incididunt ut labore et dolore magna aliqua. Ut aliquam purus sit amet luctus venenatis lectus magna fringilla. Iaculis nunc sed augue lacus viverra vitae congue eu consequat. ",high,installation,both,2024-03-04T17:03:28.240-07:00,pending,http://aged-lining.name,false,false
266,1,1,Hey this is a new task,WOWEEE,high,personal,military,2023-04-22,incomplete,,false,false
263,1,1,GOD WHY DO YOU HATE ME,HELP,low,personal,military,2023-04-21,complete,,false,false
267,1,1,Yellow task of the dragon,This is the best task,medium,job,military,2023-04-22,incomplete,,true,true
