id,fullname,username,password,role_id,is_admin,is_supervisor,is_leadership,is_military,job_id,unit_id,session_id,preferredTheme,file_id
2,Test Name,test,$2a$10$WZ37feH3LCZgIdEcfwnZY.TRe0ZdUhcgeTamuZPbPTJv8kdUQhvB2,1,false,false,false,false,2,1,3ee9bba9-bb16-488d-b28a-d71c28ef67bb,dark,747a82e3-f46b-45b4-aec2-212a827936a2
3,Kara Schimmel I,Cecil.Adams26,$2a$10$18/wSUjkm5yeVKEiKSlUmeM3CmJOmsHSFfLwnYVg.mKKGF8FBbH9W,3,true,true,false,false,3,4,c207c1c5-38a3-4cbe-a743-1cae4c2c7905,dark,39a35d4c-3d5e-4812-b53e-ca88ae36edeb
4,Blanche Bahringer,Donnie86,$2a$10$olw.R.tU25AaSLB9CpaYMOpIxLfeiqfwKCDoiggiGylVoAuEfmJW2,1,true,true,false,true,5,14,7995c642-dcda-4b68-807b-bc7ef7f7738e,dark,fd8cf89d-280c-4876-8320-e01980babf0a
5,Stacey Pouros,Carrie44,$2a$10$Pn8F8fZLdfp8e0rw116bbeqWaQXi3mXvrQfjRk8aG52dByDGjNMoG,3,false,true,false,false,4,10,531b0cc1-012a-42e2-b971-fe4d43e2d26d,light,595263c9-8d86-4072-88b1-f1fe38a72b40
6,Debbie Rempel,Nicholaus.Cole44,$2a$10$4ZF/HXy/l0moU3.AhYVFmekP3PaJoQ76edRwwlR5MZ6q1tWNJLd/.,2,false,false,true,false,2,7,f6579c39-c8f8-401f-a9fd-c133968c65d6,dark,065b2890-22bd-4a0b-9067-60e7913964e9
7,Dixie Hills,Maurice.Steuber29,$2a$10$2KDz0XOdAnalDMWq2zvgie40S6tl5XdQtSTBFEMgkT8LkrzsJlhue,3,true,true,true,false,1,14,08c372e8-5c58-43b9-9e31-1d9e685adc1c,dark,c08b7cba-f903-4674-b688-559fa2b75975
8,Sonja Effertz,Josiah.Hettinger,$2a$10$53d7IFr3TPgUkVkHRM7YpOmbJwkkbAokY.y12E8AR5/X1te/5XFaa,2,false,false,true,false,3,10,b42872cb-c8c3-4cd4-a8bb-f92c1a872f31,light,186c1035-6640-4450-858f-1cdcf169d5e0
9,Dean Hudson,Zachary.Powlowski,$2a$10$LcxfSChxwIPY6UJVFi7Nzerm8Ro/hsXMQ7GRYnIaKE86GL.z8fGBm,2,true,false,false,true,1,14,fa0c869c-d018-4ff2-9928-bf8bbca40972,dark,4b0f7454-109d-48e5-8c42-f38f98cbc650
10,Archie Mohr,Hyman.Nikolaus,$2a$10$zt856yBANDfZozrfE0BS2OGyvquK32IOUyir1yyMhk5MS6.PZJIJi,2,false,false,true,false,5,14,22b4c07b-d926-48df-8e34-42816f4a71d0,light,73792d7e-0a2a-440d-9993-d78ea18c10b4
11,Doyle Feeney,Lottie_Krajcik82,$2a$10$/4PrK13jlnvMl8wEK1.eH.F5dbYplviqMngHcpokAgUyX5D/sDIx6,1,false,false,true,false,1,11,3366b9bd-ee91-481f-ba93-11b98a1c8520,light,4e8d88e7-bf08-4ab2-b212-1a06f11509f1
12,Blanca Lynch,Collin_Schaden,$2a$10$rkVhozMKjaikfUE8o6ZMK.JDvhmCgKVGBFRUlt.X3hp5sCGTnTSxi,3,false,true,false,true,4,13,264cca9b-1371-455c-82d1-904a030c749b,dark,9bba31cd-db8b-44c4-a47a-e3a37fca0270
13,Rochelle Weissnat,Marilie_Blick,$2a$10$rEv04yLKs9O.AHUyqR05uOWRDKuRl9Ey158wzlboDshODHsO10Eey,1,false,true,false,true,5,9,b2f60f03-9f68-4656-b1ab-48f412d68c9b,light,7e41020e-e534-4d9b-8caf-7ec09eca0505
14,Irvin O'Reilly,Eliza_Stracke,$2a$10$KiSZPOl7gdefHSyZ/kRZtuqWehb35d81wH8n6PTRXJDZI7GSi12X.,1,false,true,true,true,5,15,40b2a2d5-f456-4fcd-9bae-3f17298adbe0,dark,b48650d4-6f2a-4e03-babb-fa81a352ceb4
15,Delbert Smitham,Abby.Gottlieb9,$2a$10$fShdR8bHyyet6NqqaMfCqe.g7eEmza7SKzqbe5DsD5dSeXD8o3Lk6,2,false,false,true,false,4,8,b3d8e250-061f-4b44-a50e-0ee8f960c4fa,light,0c7c48ca-9265-43ca-9069-0900f9f08dbc
16,Johnny Feeney DDS,Molly51,$2a$10$LqKyhYtRNRCXUzBIwa1X6.elA0RjcGhNEnAxBu0ky7A3J7Kh0gi2e,1,false,true,true,true,4,11,e7054087-e66d-4267-80c9-b46829ce65fd,dark,c451de9e-530f-4868-84d3-3d6a18e68754
17,Jessica Morar PhD,Johann_Nitzsche,$2a$10$WvwZ/Yzc1RuXRXnZLt5BA.GW09Kgup.ivn9cdv.zv2GQlEr.U0Nl6,2,true,true,true,true,1,10,be1d642e-fb46-4742-87b6-efb86ef3b822,light,b0b0bca2-e6bb-4047-9d3b-a4a5e700ec5b
18,Roman Lemke,Gregorio.Mann,$2a$10$sZD.TlyHYUxfw7TgwivGiu1tFghMpqzVAoBi1RUKP27uvIUZTlQ8W,2,false,true,false,true,3,13,649ce4d3-3cba-4c8b-8e2e-a71df354589d,light,cca971ab-a8f3-46b5-b8af-cc5235173c69
19,Mrs. Jerald Spencer,Ava.Breitenberg50,$2a$10$JL5SWRF2yWUoUiYPGaGOMuwp9/pF5lwHUwSNKiZH/FdHAsOS9h5tq,1,true,true,true,false,4,6,9b63d796-5241-43b7-a983-b85c6d92a8cc,dark,8ca14e81-861c-4c29-b287-32d98994072d
20,Miss Rosemarie Boyle,Modesta.Hermann17,$2a$10$Tk7yGVCUL6HjVQXSFYA0Z.e3F8hT2W.JmxK.1WyIg2..S2fdO9I.6,3,true,true,true,false,3,3,eda07449-7560-4881-9aef-4aef2616f824,light,1c057344-72c0-45f2-b975-771d3de94a8d
21,Dr. Benjamin Walter,Felipe.Simonis,$2a$10$ceY8KsJVCys0DNz33WKlG.K3RHDrOiTFvkN0xIRw8sWkzdHTZ6tnO,3,false,false,false,false,2,2,bd0783a1-c897-4469-8d5a-403ca690eeca,dark,b4a2c376-1ecb-4bb9-81bf-bba4de7d8d9e
22,William Bradtke,Francis_Robel54,$2a$10$leL6zFCNtSiPLX1zfwedgONm/HyJNvJGc.cYJUSXMU/yafEzHfg9a,1,true,false,false,true,5,10,23ad3025-c2c0-49be-af18-096758287d59,dark,a328dc09-a6bc-4089-9917-a6c2fd843920
23,Mr. Cecelia Pagac,Camille26,$2a$10$UA5lc5jNyByDQBWw.eJUfO2SuTCmJnJ9H5/xppirwjcJV8Req7try,2,true,false,true,true,3,10,1cbe6b9c-a4d4-421e-ab47-8c8f69439de4,light,2947dcf6-4076-4a65-a997-c5e07640bc68
24,Juanita Jast III,Royce.Zemlak,$2a$10$NgG039Qs9NHICiNV2z5rb.Ad0YUB5j2r5cJK/pqztAmKZH9fKSDGS,1,false,true,true,true,2,5,4d624a61-492d-4f95-bd49-ddaaffe79304,dark,eac4758b-238e-4b68-a2c8-5a55845de4bf
25,Willard Effertz,Jeanne.Bahringer,$2a$10$dJHWS63RGo3Wef2ORV04/OLIcaZ1cm8mDV5Me9TERC6w5KmVICktC,2,false,false,true,true,3,8,9e2c13ce-3753-427b-8b1c-cd61da706a5f,light,d7170b32-ce31-40f3-a985-7db1020b9099
26,Bobbie Carter,Merritt_Rutherford,$2a$10$dDmyqoDXVGdNCr5Z.DsarunVR9QZg1geobv8E0SoTr9nCOWVgd45a,1,true,true,true,false,4,1,1db4f6f0-def9-45a5-9c0c-9427820de782,dark,391aed8b-e182-4460-bb90-d42d642ccb96
27,Stuart McGlynn,Stella.Wisozk,$2a$10$un.r3h6g28rEWg0NFSzaOO8VGU8vkax8sIW6.aE/egFXWblCfI6Ya,2,false,false,false,false,5,8,d89c7cf9-4910-4b09-8db1-ab660cc71d12,dark,7fcaf996-f6ac-4eaf-ac15-3277dde923f0
28,Brad Greenholt,Arturo.Mante53,$2a$10$vjcx5WoRIGxeCvl5ctpqCekusy5IEEFarhkse8pvaJYeYpwlhVwg2,3,true,true,false,false,5,5,bb6c30bf-c1ad-4d9c-bdf3-f6ccdaf123b1,dark,c1f4ce09-9246-4cd4-b552-7e9e875b5c6d
29,Melvin Kirlin,Katlyn46,$2a$10$MIhmIkKwbMzXX7hS8OurhO6F/e3GKbMxj1srRxyuZL91xrPsp5i8u,3,false,false,false,false,2,14,edcb3d3d-ec0d-4515-8060-46a937361371,dark,53a7ae11-9792-46a0-a7a9-cba42e0da2df
30,Lela Hane II,Rylan.Dickinson22,$2a$10$RwYX1v5U/PZSupw01IUVP.57.lCxX4BLqID.jC5YVG3eA6eo2u.KS,3,true,true,true,true,1,7,d2b37654-1974-48c6-9b35-7b3cb1f1b2aa,dark,15a22841-b638-4f6a-878d-57a45a0afbb4
31,Jaime Rohan,Heather.Swaniawski,$2a$10$cbCoq26IQpXGSy5TltU1MO.5zDp4FYv6WYb8ZUitm.cd32hyaG47K,1,true,false,true,false,1,11,91b6c86a-f15c-4ca2-97f7-c867e4576fdd,dark,ad59498a-54c3-46d3-8766-a79f1b15204e
32,Patty Hirthe,Shemar.Roberts74,$2a$10$G8yp17ddXBfMy0KXjtoC2Ovs8rsxe7N.hhrnbBZnRg7w2WZcggbt.,1,true,false,true,true,2,13,50bd63d2-8b50-4b40-883c-68292c36451c,dark,a3f63325-06e0-4283-b386-f5dcc7131b0a
33,Roland Shanahan,Alexa_Bayer,$2a$10$t2mKCSs/RuLJ8B8q7mpWoOYpAfQnfd/vXyRQp0KzzkebddelA5Y6e,2,true,false,true,true,4,9,d1d0379b-61fb-4f30-aa89-3070ed1cbda9,dark,86d0406d-0bf1-4408-851a-5a38ed5cd583
34,Gilbert Donnelly,Mina_Mayert,$2a$10$2lDnQMXGujBdKDxzukVeWOAM/Fuh/GodNerUV6/oHm8l2CPp/ZNPe,1,false,false,false,false,4,4,9957f3ac-68d6-48a4-978d-bd9eee9a5649,light,a6e8aa1f-1071-4877-abf1-ad01c4273c4a
35,Emma Rice,Velda_Nolan88,$2a$10$.6AEktFWdyXc7P/3hLFd/eXd8oF2BlnIxSq6Dw/PVsxybGniuc6ra,3,false,true,true,false,2,5,aae18cde-94e3-4517-a067-efc4eeb581e7,light,f2e524fa-af07-4ab8-89b0-0395020db1b1
36,Rita Harvey,Agustina.Zulauf42,$2a$10$KqiVlyh5dGjH1JQN8apL8Oyly.rRxkBAFuUywrtfF0F.VSU2EbOB6,3,true,true,true,true,1,7,972ea6ba-41cf-4e1b-947d-3eeb233baf9c,dark,61716dcf-dbc8-41a3-bc51-370a1ad066b3
1,Admin Name,admin,$2a$10$NQ1sN5oN7IIDlIg74IeKL.OxmpOoLE9Q7aIi/OqVL7MkIkvnq3mWW,3,true,true,true,true,1,1,p6mi-SWyTXPo6CF04E2WIuGyM8lTawXm,dark,e541b345-b065-415b-a55a-70a81969ef7d
37,Joanne Lowe,Eugenia.Macejkovic51,$2a$10$j1hx8eLNYPYxoGj0yeXd5eN4malTWpGj0h2RtrHGQw/w//R7QRbvS,2,false,true,true,false,5,14,39530021-7e90-40ac-b8ab-de6a55543bfb,light,45e736b7-a95d-44d5-b776-93578d56349b
38,Rodolfo Runolfsdottir MD,Linnea.Runolfsson15,$2a$10$9sgFP6QrQylFNGZiV41iIef/r2ftLToO/CZ0PKjZ62deWjhbBWn.2,3,true,true,true,true,1,15,244f8f96-4a1f-4fca-ab8d-89f4388e3c31,light,3828ab9c-bf94-4145-961d-9f6aef4ba306
39,Irvin Jakubowski,Carleton_Glover,$2a$10$vaf0eM5EkkN2SQX.aApH1eAZUZEhHwwandeima0lwB1THiNRM.rOu,1,false,true,false,true,3,6,fed9d3f9-b292-4779-a85e-fe7d14bd9fab,light,c36da260-6cdc-4e4d-b12e-b50c99b2190b
40,Kristen Howell,Vance.Hilpert84,$2a$10$6YJdmWLskHCGfUJqNd/yiejYoTSNPW/yaSXCvjOtAwCwxdNvneusy,1,false,true,false,false,5,9,6c1382ed-e838-4f30-a942-15a0e6a79596,light,de9fbc1d-1951-4114-a237-a1e6928bbc50
41,Tanya Emard,Jadon_Trantow28,$2a$10$gFWwR7yYKcKsOXrM85Sz7e3jOEfSutpk6I8mY0S0RwT6DVGY3zhke,3,true,false,false,false,5,10,e13ff35d-ec14-4d7e-9122-76e150e0ee10,light,a6f1252b-cda2-4a0e-aa05-2406cb52a7d1
42,Mrs. Jeffrey Nitzsche,Josue89,$2a$10$wXNi3yv3WwvUwFzAq20A7OydP0Ag470nZFUPruF/ozF3e8WGVI0Ye,1,false,true,false,true,3,15,d55d6747-39d3-4bb0-b042-4aaf48f8b182,light,5348161c-06b6-4f77-93de-0c4ba662ed21
43,Mr. Claudia Schuster MD,Annalise74,$2a$10$rQXYJ1xQCVcJqiIjqzOBwuAzbXrCUbLvvgaFxSmJgmxxE66OVftkC,3,true,true,true,false,2,4,530aabd5-d9a4-4a8b-ad17-ff4981e61dd8,light,7ebbb226-68f5-46e1-9376-e3aa00eb8b01
44,Mrs. Gwendolyn Goldner,Rhianna_Gibson,$2a$10$Kc7iBiaofCLYSXAzH7oXl.dqt26Di4t9jhq26kFboaIoadJngP81m,2,true,false,true,true,2,11,884651ed-5ad6-48c9-94e3-6c67138f5f20,dark,15f287cf-0ec1-4914-a36b-55fc63c4080b
45,Kara Cummerata,Katrina_Yundt,$2a$10$YlJNEfJc/0jIVlrQ5lG16ukvUzIuoVR9tUsm/e4NsoNQTISeFAAXq,3,true,false,true,true,4,1,abc39d8c-8cf5-4e73-afa4-612cce30c815,light,7fbcb127-d055-4789-90b9-6f415d379a6f
46,Margie Berge,Minerva_Johnson44,$2a$10$2EgMseKnWpJzbbffdcUi8ufNw9u5/X/mFSrqW6yIY4KTQ7Bp26kAu,3,true,true,false,false,2,15,d0935908-1570-4c21-ba8b-893e2d299c53,light,19bcbbd3-fb6b-4807-90a1-4cf972bbdbaa
47,Mandy Reynolds,Amelie.Bruen,$2a$10$N5egMsyU0J15GqcJabJxZeMKFOtUptQzKxWwpDbK9vj7ILGD3PqKu,3,true,false,true,true,2,6,94d739b3-3fe7-4ce2-ad6d-f874ec3a58c5,light,7dcd4f2b-8f1c-474c-8432-7a57a38a385f
48,Dr. Elvira Okuneva,Gilda_Kautzer43,$2a$10$7L4BKEJsgfEtdAgXzoch8uORERo3/ebCVRCw4jb8yT69PIm92frAy,2,false,false,false,false,1,5,401ab974-53a5-47dc-834b-8f95a49456b6,dark,45667c10-a96d-4dcd-9d42-337637dc0567
49,Lionel Wiegand,Tiara13,$2a$10$oakDh8DHIuimS1XRwzdK6OD0XnI0IQwclGQ9rW0jhGbsRPmNxSb8K,3,true,false,true,true,2,5,77cff73e-9e48-45ec-b25f-6d14a5ac4dd3,light,399e75c8-605d-41c4-af55-833233c6411b
50,Ginger Yost,Alexandrine.Feeney,$2a$10$8k2RSauQdoHdl/fUG0f73eYrtoWFBXqR5BaYHSg9vx0TyKQxsZxRW,1,false,false,true,false,2,13,c13a0f1f-3118-4d73-aa4a-59ad401f683c,dark,8827b11a-bb28-4fa7-9268-78bf4794942d
51,Mrs. Clifford Ryan,Antonietta89,$2a$10$ITiKZREHzCWuCV/LOSMk/.NgKHWHFvOem85aAKCdHIOQw3/xPE94m,1,false,false,true,false,2,7,c1535ce6-90ed-4a49-bccf-19882d7590a8,dark,aa578ea3-b64a-4d6c-8e81-e230f8a57136
52,Woodrow Smitham,Casimir.Hahn,$2a$10$nQc/EPS2XLx02/.I1hPG9.gN0uxqMVT/opEbV/KKO4.GIDLK.TD7G,2,true,false,false,true,5,12,a276d985-8246-4745-9ea0-878bd0b4b588,light,3af04ed7-1312-43a4-8141-62cc1d0fd453
53,Miss Leroy Olson,Magnolia16,$2a$10$RFGFMhv0b8oMIHwHNvC0RuC.gaw9F8zivnzFAyZiW7HD0q0iHHobm,3,true,true,true,false,3,12,3be306a1-540f-4a70-be2e-884c42a05291,dark,7ca0a994-3591-4695-afe0-54626f66eec9
54,Rex Hudson Jr.,Tamia_Cartwright72,$2a$10$Bqd7zxp8rT2T.bbMmPRuQeeNa09k4tTTk6XrUTB7qBErTMOZYB.NW,2,false,false,true,true,3,4,8bacf4ab-298a-4fdb-bcd6-62982e76ab6c,dark,68908b19-d4af-4ba5-b2d9-a101f644960c
55,Irvin Terry,Estella.Ferry,$2a$10$o.BbYpKPmOd/fM6XpewmVOQSgzYJvTT4LPgVjcjBrZBhETaZUtEGC,3,true,false,true,true,1,13,e4e5743a-f2a1-4f8e-919e-7866cc6df471,light,f79d64ae-d6f8-4708-b484-40d5e91d003a
56,David Murray,Clement.Schroeder29,$2a$10$CpIzne0pLbSJLqorj7XNke0Pec1n3z7czfFtm12N2MR/HWK41xsX.,1,false,true,true,false,4,12,78e30482-a7df-4550-9833-215e1a3450f5,light,733d25d3-02b5-40f0-b641-dda634067041
57,George Sipes,Annabel66,$2a$10$mfp6hiWw38grpcDO9bNBSOahREx2rKBzdqaky6dtWG8L.R0qjFsku,3,false,true,true,false,3,1,fd816ba5-d101-48d0-9dc4-5991a7e241b6,light,b45be95e-3853-441d-90d7-569ed4834e5f
58,Mr. Elisa Lueilwitz DVM,Elijah.Kreiger,$2a$10$aP5eBer4STRHZsU20iIJyOJP4ByGlcyRsLELpID5Hrdtnjspmn6mK,1,false,false,true,true,3,12,3af5ed80-9424-4f7b-9aa2-647fbe6c58ec,light,cd4d9945-9523-4e64-b7f2-f945165fca1e
59,Joseph Hodkiewicz,Christy_Bailey,$2a$10$4iC6.zzpVjBESYxBnjJ2AOgIWkahkdR2M22D33FQlIfIG7r1wgKHu,2,false,false,false,false,4,9,41de961b-6716-4f6b-a034-38fe0afddf20,dark,8dd1ae0e-e06b-4fc2-ad2f-d851ecd9d873
60,Lana Hartmann,Monte_Green24,$2a$10$JekPlmx3qz9d0Jn2.xQM/uxivG6ZWSA1b7kw0lvMQjGt7V50MkDxq,2,true,false,false,false,2,12,e5f2aa36-efae-4c89-a3fa-e106b5c6702b,dark,b6427b7f-397b-4f88-9737-db33a749df49
61,Leonard Sanford IV,Haylee.Baumbach81,$2a$10$Bf8Srt32GGJl7Io1O4vgaObNxo6IZXGVm.1YuV7D2BK3i3fyYbhO6,1,false,false,false,true,2,13,d5df033b-c081-4720-84a2-bfa43cc05a1a,dark,208ec371-465b-4b6c-92e3-d43ec64fb809
62,Mrs. Jo Spinka,Ariel90,$2a$10$FmG14FXvDQR72.rOrEzi9O6L4SvdH30Ss/s2.f5f.z078HuesUZUe,1,true,true,false,true,1,5,3ad70920-4ca6-4f25-8012-3ea91f84bd0c,dark,1ebab29d-c0a3-43e8-ab94-ef2c1352cbe0
63,Alfred Marquardt III,Cristopher86,$2a$10$FSuVNJj6c32.PGb..VE66e/bXdL56MSUWwOgCHPMC6Oc0WpVC3tHu,3,false,false,true,false,5,15,e3be2a40-a24a-4e22-8244-84c63f5036e3,light,9fe6c359-adb7-4af0-b883-b691dab7ffad
64,John Crist Jr.,Jonatan67,$2a$10$uY2DlR2BC6Q32bvImgIvpeliSxwl8XjRYqM8G1NC9.gD3.PzUbUIq,2,true,false,false,false,4,9,d952c745-85d2-42ea-820e-7c8fc718fdb8,dark,d5a3d016-262e-4941-b936-c764b1c6ccef
65,Alison Keebler,Ardith.Howe,$2a$10$5mrds8gHHsZl9qg4ej.pZO4jpEpsk9CI0TWebW1Kxzc5QV.WyEMdi,3,false,false,true,false,4,4,31bda988-f556-454b-9f8d-88449f4aafd4,light,5313f459-ee1a-49ef-99b8-2b7dc4912ae7
66,Jeremy Haley,Aiyana.Hills68,$2a$10$WzkqM6dbKC2JNNhz8x/qsurFlPa/neH5N9M3cxtWrgmlMN2vPnnje,3,false,true,true,true,5,4,a6e92218-6004-404b-bc69-98b935026585,dark,20047072-dad0-476c-9832-a2b261097e61
67,Darrel Murray V,Nico_Feeney37,$2a$10$Ym57Ie2z2TZ5vVhmzRQv0O70nkUr/x8A8nem8e0O1cnludFqDSrQO,2,false,false,true,false,1,4,4b5fb101-36d3-481d-ab19-de719c5a1cea,dark,8d50be31-4da1-4124-8218-8bd7d3352121
68,Vernon Krajcik,Candida_Hamill39,$2a$10$p9rMA9jInjFWmLvqBx5hN.pvB1mnwGFJlW.zFvDTG2LskxrKVyEG6,3,true,true,true,false,1,4,febffb71-6622-4d24-a4bb-6bfbbafc6bd2,light,2f0340ff-97ea-4413-adfb-f8f435cef1cd
69,Manuel Douglas I,Kendra61,$2a$10$hxjRtZOfJnPjTo77eAU.PucWasfp37wMElDWwHxMjrYxSZSvW2gb.,2,true,false,true,true,3,1,ed290cd7-96a6-4d29-a746-f0a5090d789f,light,6c2cbebf-8149-47db-808e-8be52029f084
70,Joe Kassulke,Jean32,$2a$10$8no6F4WeDs7lfhAvRZfWk.fjXway5Z3yb1UAgu.H7vZtXI3r84fRm,2,false,true,false,true,3,13,5ec3826d-5e02-46ca-acf8-5f46550392ac,light,2e51fbed-81a2-478e-8cd0-82a6246d4f7f
71,Roxanne Cormier IV,Estell.Rice,$2a$10$Ka0tiwqfDx.HEcmsEL5EKuMGp6h./1m77VKKQPFHImctm4pBw2q0m,1,false,false,false,false,5,13,c572a60c-514b-4c94-a46b-b6b5fccc3148,light,7481f1ec-4c78-4f05-bfd2-3765a71f010d
72,Mike Walter,Mertie.Dach33,$2a$10$TaGlbPgusYn5v4/VPh6UJupKrZCH2UZfXtpvhUIqgeAx3l.fTZpKG,3,false,false,true,true,1,15,47333e13-79f6-44e3-a623-2eeccea91fbc,light,be9e7c1b-45cc-43ba-ba44-853ea3a22516
73,Phil Labadie,Lucious.Kutch47,$2a$10$bHup26E71qZZTEQAy79W7eyXAVczEC7wtCxeO2aMWMG8Wdwaf4i5O,3,true,false,true,true,1,9,587a58dd-0f89-4b9d-935f-df1a98919370,light,f18c8bf8-d30a-45a0-a658-fe060bd1dff8
74,Troy Ward,Edmond_Bernier,$2a$10$9/uT2HGpXg35E9dJiKNDZuLsUlT7uMULcOX20gBvok75lpMCcnRkm,2,false,true,true,false,3,4,cec700c0-351c-4f42-8380-b364d4530f01,dark,ddc7ed4d-4faa-49d8-b673-d732ff504342
75,Gerardo White,Adrian_Gleichner76,$2a$10$8jIaUtEwxH59jQ1m.dTkJ.NwdZg47Su7Lxbg85gBobKPJPyGbFGYK,2,false,true,false,true,1,4,d9a6fe07-04b4-4619-9efd-af6d109f0d9b,light,d8d2acd0-7b06-4a0e-85e4-19a5a718570e
76,Roosevelt Turner,Connie53,$2a$10$d1k7Jf8NiL8Phbyo8J7HU.W7DxOq0qIwhwDsxJKXSzITZZ3m89Gsi,1,false,true,true,true,1,7,c2d5f9fd-da0e-4d81-9bf7-9191c11dfd29,dark,bc3385d4-e5de-4fe8-817d-ac06371a1527
77,Melinda Champlin,Carolyne60,$2a$10$diqOCegJ4HJ1KrqK1VOpVea5bKbYSUAeS8SMP1UQT/UQTbRHYjb3O,2,true,true,false,false,4,2,3feebac6-2815-4bd5-8625-bede83589eb3,dark,019bd93a-7a26-4f3f-8767-4d948a372122
78,Erin Wisoky IV,Toni_Bode41,$2a$10$xx8rzQJ91O7/ACM0r5nzrO3JCqiRcoCrgg60i8l3kQ0AvX21pOpJ6,3,false,true,false,true,2,1,653007be-2c0c-40e0-a49f-351d7644991f,dark,99b8011f-a8c1-495a-924d-4d160f2de522
79,Mercedes Wintheiser,Jeromy_OHara,$2a$10$tkCJgT6M97Lg4.72NzbP4.dPwg5SI2AvVdNrInd1tMZvz8/1ag6gi,2,true,true,false,true,1,14,0cadc266-c114-4e09-9fd2-4aca8908ef07,dark,a7e15cc4-5702-4c0d-a6fc-da45344adcee
80,Al Witting DDS,Felicia.Skiles,$2a$10$VC69cuXUIzyLMJkRmopN9.C8t/S0Zt5CAJyKysTy5TntAGpb3Ck7a,2,false,true,true,true,5,2,55d7f8d9-b020-4371-9f67-665206a4bee4,dark,edcc6867-239f-4071-85c6-e90644ed5643
81,Dr. Salvador Shields,Melyssa_Collins69,$2a$10$p3ycohDgw2Zgpo2bqHaE7.yUpfpkuW0ZAA2oFW4FBIk6GX/Fzmu..,2,true,true,true,true,4,5,84e4f360-23fe-4cd9-b1e6-26f4debc0241,dark,b3265d83-d5f7-4c15-9f56-8548631da384
82,Jackie Shields,Reanna.Runolfsdottir,$2a$10$dlhLQZbwgZLnmUHsed0/2.5uqHpTBbDU3ghuljyomQpyn3/USUPsy,3,false,true,false,true,4,10,abe4017e-1340-48ed-9516-625c374c383f,dark,eaf2ef50-0c76-4c72-8e11-b0e8cc33b65f
83,Inez Larkin,Dan35,$2a$10$SclArnDzKvRPRyoSAXMXN.SUQPWf/TT6M.bRe00VSCJJGXr0tS8KW,3,true,true,false,false,5,7,fa1cc3c3-0a12-46b7-8ed5-05f7f8361259,light,a1fd3889-b394-414e-b2c6-0f9f5f8c563c
84,Gregg Brekke,Rosamond.Lueilwitz,$2a$10$klS5gBXOyvgvonoWqztal.7XDMiCRlmBxWzRP8Pg82j5HRthWzHoC,1,true,false,false,true,3,14,954b9a6e-45de-436e-9f5c-76f01c093aea,light,7542bb21-d8ba-49fd-a4da-a3a9ed79c12b
85,Mack Littel,Tierra.Kemmer26,$2a$10$/IjOQxGG2b2NpXPljoYJXeZt5a2T8dGkc1pk14AYzsXlF0mRRtHt2,2,false,true,true,false,5,2,e8d462d5-b0f4-446b-bc55-4c226bd384c7,light,01021829-08cb-436b-86a4-6a7a284ae449
86,Erika Wolf,Alexane_MacGyver69,$2a$10$AhNkqPk2LtBkyAnzDy.gMO72YjsUt4LOPQ94Mo1cRvGVYjh7GcTI6,1,true,false,true,false,4,6,8b5d0197-0989-403b-88b6-a63677e4efae,light,a80915ce-aeb5-4aa2-a714-2ddd7544fd3a
87,Lonnie Smitham MD,Mikel_Cartwright,$2a$10$BGqGvu./plk/tRVxCzweDeiE06yFv0/328aw6WYtyGQuSfDc42whm,2,true,true,false,false,2,3,618a884d-33cb-4d61-9173-29b4a1541ea9,dark,899ea039-bb08-4494-ba33-864baab2ea09
88,Preston Tromp,Murl83,$2a$10$M/ha97eLU69A7qXi7n3b6.BZNeLGu3luc1yTbtE96cFuVH/cGWBeS,2,false,false,true,true,2,8,54e2a043-bed5-4381-9393-1794629ef8f3,dark,f5aac29c-8cf6-4407-b70a-cdc6b71e1070
89,Mr. Ella Shanahan,Alberta_Sporer,$2a$10$BdKVdNg3uz/Ils3/m.mYN.qjpCy.f7FUhLLeS09aIWuYMte7o2q0G,1,true,true,true,false,1,2,af8fbf2a-b910-4196-a723-6495d50b9507,light,03ea1cfc-682c-402d-876d-373f6421c2e5
90,Claire Ondricka I,Tierra22,$2a$10$.tf/AFi6C0/lSaDp/XR.xOIAzG9UwmzY2Eef1d.oGo69yJ1Rft0iK,2,true,false,false,false,3,6,02ef4cc0-358b-4812-a29b-1076022018b1,dark,094127bb-388e-4285-be60-05596317015f
91,Shawna Mann,Pietro46,$2a$10$OEjZkBli4iUN/9fWMVesbufWMZ0wv4IdV22P457KQoZYwUEX/PF7W,3,true,false,false,false,3,2,7df7c1f1-b5ac-4cc8-90af-0277c83035c1,light,1dae5f9a-ecd8-422d-bdd1-c8db4fd01cf7
92,Erma McCullough,Justine13,$2a$10$Ri62XcTJtJlYVLNFYv.MBu3Ous8qC4tcH3g4N537nH80VHEFrE9iq,1,true,true,false,true,1,14,ac474d97-83b7-4cd7-8991-844c81338b61,light,28123738-695d-4dd4-bf32-0bd20c755afa
93,Sabrina Predovic,Baby52,$2a$10$Z4hWWzM/BBGBiMxvwWOlROH0wj6yZAaDgQkEQ1FdQR2PUd5uVw6.6,1,true,false,false,true,2,12,199ae366-29ab-4b78-b8f9-6af445cabc4d,light,b0adeb23-940e-41ba-842a-f5288abf1e97
94,Mrs. Debra Farrell,Annabelle_Kiehn90,$2a$10$eyTVN/OgzwNg3aHQ0BUqgeZMQx9IxWvGmFscy/M8REPZHArct2VZO,3,true,true,false,true,5,14,dfa4c56f-b06e-4a54-9f88-c9160740f2d7,dark,b6d5244b-5eb2-47b3-b6af-7cc7498d93dd
95,Matt Miller,Bell_Predovic,$2a$10$.zhIuvFfFSEfaj4VUGzxb.j3QEoX2fTJJZO1VDLfaNgps6X3LM8TG,2,true,true,false,true,4,1,2be54b66-a27a-4611-b5f8-6bc804ee5a61,light,9ba7480f-dd0f-442c-88a4-88a60414cda9
96,Steve Hoppe MD,Tiana72,$2a$10$iaTEyjdqDS9RKhzZhExJnulytaKMw/JuRRlfcj0owPA9Mc8mIJXqe,3,false,false,false,true,3,7,d169c645-8e03-4ac5-abe8-fb5d5aad5fd9,dark,c220ad1e-b872-4ec9-9b7d-3277f803100b
97,Susan Wiza,Reagan_Hauck,$2a$10$1.ueHBO7XibeLl1TVPB1ieQjxba4erPLPBgUM7o26I7tu41LtMBhK,3,false,true,false,false,3,3,7011ad8b-95bc-4899-8261-cb0730e63ae0,light,78e3d6cb-743a-469f-a59e-bade73b4b43b
98,Randolph Jenkins,Dovie_Lowe64,$2a$10$ZdoctbwijK1r3eZQCl7DrOYNSUlnl6.PzQCKVNKiYOKapZJOAeLKm,2,true,false,true,false,5,11,26d6a7a4-752e-4355-8c67-186fbdd29bc2,light,70525175-33f3-43d2-b860-b541e6c196b0
99,Ramiro Feil,Vivianne2,$2a$10$pz6lSWkL6QsKzjJtfqp6A.15atLCT8J4FiIYSGHUYsQ1Jc6QMKZga,3,false,true,false,true,1,12,f0e2c4e8-994c-4df3-aabc-1c93d6120f09,dark,1810393b-1c8c-49ab-8b5e-7a386e521603
100,Faith Padberg,Milan_Hessel44,$2a$10$BIZT3RX.hF5l5ValpPHnneJNSHwA.Tmx2kvrqF8N6nJk4yb735Rou,1,true,false,true,true,1,3,bf301e7a-ff7e-473a-af0a-5c5a232474d1,dark,5ba7cb1f-6f8a-4c6c-8df6-1c80adc87cbc
101,Luz Rowe,Dayton.Parker51,$2a$10$FfWEfkPZZCCebsmyjWvhlOWlnrbUWFF1jStimG6p5Xuhjob6aC966,3,false,true,false,false,1,13,39ad54c5-a0e8-48c3-8cde-13e41d984406,dark,f1121c3d-9b4d-47b5-a77c-62423d466cec
102,Lonnie Harvey DDS,Casandra.Macejkovic45,$2a$10$4va2g3Il4dlKXgPWj3sKbORvVlRohtnTjOMw.nHRg9Yv66HjGtmOK,3,false,false,true,true,2,8,f857475a-0eed-4837-8297-c80930b20f06,light,6719d255-1ca8-4108-bc6d-4ffdcadea180
103,Julia Johns,Riley_Schumm,$2a$10$biiKG1yiT/Ap8PjNeFLFCupKWtmZ77gC7lNX7xNUKO7ncSX6tRajG,1,false,true,true,true,5,11,26e7a866-503f-4f09-99dc-7c9b9a103cda,dark,cd74a933-e9a7-42a0-bc5f-14c8813339ef
